ticker,business_word_count,business_sentence_count_full,business_avg_sentence_length,business_fk_grade,business_quant_density,risk_factors_word_count,risk_factors_sentence_count_full,risk_factors_avg_sentence_length,risk_factors_fk_grade,risk_factors_quant_density,mda_word_count,mda_sentence_count_full,mda_avg_sentence_length,mda_fk_grade,mda_quant_density,business_is_long,risk_factors_is_long,mda_is_long,mda_is_quantitative,total_word_count,mean_fk_grade
A,9248,327,204.27522935779817,18.372228455664644,13.083910034602075,8911,227,265.2246696035242,18.60931035773088,4.376613174727865,15807,517,202.10058027079305,15.235604662096957,81.73593977351807,1,0,1,1,33966,17.405714491830825
AADI,20962,648,213.57716049382717,16.480526191307792,18.461978818815,55210,1369,265.67494521548576,21.191488461127808,5.814164100706394,8551,236,236.59745762711864,16.160501583645267,44.08841071219741,1,1,0,0,84723,17.944172078693622
AAL,1100,32,238.84375,14.667406698564594,50.0,37733,789,321.8618504435995,17.17320603747032,19.187448652373256,17762,324,376.0,17.21696939114742,28.262583042450178,0,1,1,0,56595,16.352527375727444
AAME,6987,273,174.12087912087912,16.406561993325532,30.628309718047806,51,2,159.5,24.8921568627451,58.8235294117647,6506,211,202.08530805687204,15.1182758756045,55.333538272363974,1,0,0,0,13544,18.805664910558377
AAOI,7551,265,191.04905660377358,16.03210046889805,20.129784134551716,11732,373,203.83109919571046,17.387461125611484,9.376065461984316,10611,344,191.59302325581396,11.636874928909183,76.52436151163887,1,0,1,1,29894,15.018812174472904
AAON,5079,151,229.64900662251657,15.9140136121523,31.896042528056704,3329,98,226.79591836734693,16.716324965101695,9.612496245118654,6065,172,238.8139534883721,12.315733374024976,105.35861500412202,0,0,0,1,14473,14.982023983759655
AAP,2621,82,217.9512195121951,16.17185031647771,32.43037008775276,9897,239,279.8619246861925,18.805700409276948,12.023845609780741,12269,284,292.19718309859155,20.751431062398805,42.627761023718314,0,0,1,0,24787,18.57632726271782
AAPL,2321,60,273.68333333333334,17.47683909904575,23.265833692373977,9534,208,318.67788461538464,19.387769636716808,4.6150618837843504,2676,49,375.7755102040816,14.848466588593215,107.99701046337817,0,0,0,1,14531,17.237691774785258
AATC,4476,195,155.6051282051282,15.503355590402482,11.840929401251117,8391,260,213.13846153846154,17.83760890639886,10.606602312000952,4417,153,186.88235294117646,14.436791185174275,50.26035770885216,0,0,0,0,17284,15.92591856065854
AAWW,7328,303,159.94719471947195,14.7825275142315,28.384279475982535,9089,297,196.32323232323233,16.863113019818062,10.782264275497855,10559,276,246.86231884057972,12.465727172401962,104.27123780661047,1,0,1,1,26976,14.70378923548384
ABBV,10314,309,236.915857605178,17.85458311015093,15.706806282722512,7631,168,319.2738095238095,19.48526539120078,9.173109684182938,8490,177,335.28248587570624,14.554273003860306,102.94464075382803,1,0,0,1,26435,17.298040501737336
ABC,1012,30,241.93333333333334,19.567218878055673,16.798418972332016,10324,241,289.9377593360996,19.296492105669234,9.97675319643549,11536,284,278.28169014084506,14.44973294553147,69.34812760055478,0,0,1,0,22872,17.771147976418792
ABCB,10021,277,241.1119133574007,16.11150152598353,26.544257060173635,7443,168,291.79761904761904,18.307045588634363,5.239822652156389,11781,263,317.88212927756655,10.670678533578588,160.00339529751295,1,0,1,1,29245,15.02974188273216
ABCL,20803,761,185.68462549277265,16.43201928822089,28.265154064317645,32956,949,225.7123287671233,19.762498843968825,7.58587207185338,12202,354,224.37570621468927,15.655445302445301,70.89001802983118,1,1,1,1,65961,17.28332114487834
ABEO,17654,532,222.91729323308272,17.412779912130052,19.485668970205055,22472,609,244.26272577996716,21.041700538251295,4.538981844072624,7257,215,220.08372093023254,14.848250404100888,60.49331679757476,1,1,0,0,47383,17.76757695149408
ABIO,16116,539,195.13543599257886,16.129011869011872,32.39017125837677,20138,568,228.72359154929578,20.060419774116934,10.42804647929288,5171,166,201.96987951807228,16.106337403569285,45.832527557532394,1,1,0,0,41425,17.43192301556603
ABMD,751,6,834.6666666666666,39.773305004721436,2.663115845539281,27294,870,207.20229885057472,14.934730346699741,11.687550377372316,32787,1034,208.58994197292068,14.871770666016818,27.297404459084394,0,1,1,0,60832,23.19326867247933
ABNB,4963,173,181.59537572254337,14.21031957473723,18.940157163006248,49042,1220,264.55245901639347,18.891514379333383,7.585335018963337,11827,307,256.70032573289905,14.832228597509296,68.14915024942927,0,1,1,0,65832,15.978020850526638
ABOS,19848,596,220.5486577181208,16.35348484848485,24.284562676340183,61714,1691,238.83796570076876,16.627141302679856,13.238487215218589,7003,195,231.5794871794872,15.922547167428586,45.26631443667,1,1,0,0,88565,16.30105777286443
ABSI,16729,463,250.87904967602591,18.42647600662568,7.531830952238627,32345,746,288.15415549597856,22.132667687391827,4.544751893646622,8344,186,306.5268817204301,16.606150619451764,41.826462128475555,1,1,0,0,57418,19.05509810448976
ABT,1784,24,578.1666666666666,25.187489536011437,10.650224215246636,4224,100,301.36,18.47577409124835,8.996212121212121,11267,303,249.31683168316832,12.800129310344833,87.95597763379781,0,0,1,1,17275,18.82113097920154
ABTX,12320,298,283.00671140939596,17.27981563762587,24.594155844155846,17393,386,298.31088082901556,18.81048901590601,6.6693497384005065,14741,331,309.82175226586105,11.967323047874903,137.98249779526492,1,1,1,1,44454,16.01920923380226
ABUS,17807,536,221.65858208955223,15.182612544566222,29.59510304936261,33498,858,261.72727272727275,15.93065002698096,18.359305033136305,4683,106,297.3490566037736,16.45482935688987,70.46764894298526,1,1,0,1,55988,15.856030642812351
ABVC,10371,326,212.77607361963192,15.204176849476568,61.61411628579693,14293,385,242.44415584415583,18.841284415012492,10.354719093262435,16923,511,216.133072407045,16.090922543954502,44.495656798439995,1,1,1,0,41587,16.712127936147855
ACAD,11920,410,197.17073170731706,15.600091032882382,29.697986577181208,28970,798,239.4874686716792,17.998619931898187,10.493614083534691,6468,177,242.0677966101695,16.566258832798514,51.02040816326531,1,1,0,0,47358,16.721656599193025
ACCD,7272,189,268.5925925925926,19.213136224992862,11.963696369636965,27513,619,292.3166397415186,18.88155102040817,8.286991603969033,9964,232,289.0991379310345,16.62274330687323,54.1951023685267,1,1,1,0,44749,18.239143517424754
ACER,18206,584,207.4332191780822,15.465704097962938,40.755794792925414,32099,842,247.72802850356294,19.177282193225256,11.77606779027384,9056,253,231.52173913043478,14.896843977006267,54.77031802120141,1,1,0,0,59361,16.513276756064823
ACET,28853,897,209.46711259754738,16.245376007576095,22.181402280525422,33650,914,242.70459518599563,20.905018782247733,7.637444279346211,8127,224,234.8125,16.29391322578657,54.14051925679832,1,1,0,0,70630,17.814769338536802
ACGL,26114,781,222.101152368758,15.105689786679502,20.755150493987898,17099,399,285.36591478696744,17.839381599332153,11.696590443885606,20404,489,297.03067484662574,13.33733713184619,99.53930601842775,1,1,1,1,63617,15.427469505952615
ACHC,9112,327,186.6085626911315,15.639356847292245,40.93503072870939,18361,566,212.59540636042402,16.96307412790698,11.81852840259245,37245,1176,206.39795918367346,15.538297868984532,51.01355886696201,1,1,1,0,64718,16.04690961472792
ACHV,14462,522,182.52298850574712,12.970465643759805,60.98741529525654,65680,1196,417.06103678929765,16.011869999771246,116.336784409257,9242,288,207.4375,14.765015078843103,56.26487773209262,1,1,0,0,89384,14.582450240791383
ACIW,5347,187,204.29946524064172,16.119809140051306,14.961660744342621,7956,180,298.6111111111111,18.583906624394434,5.530417295123177,9194,213,294.25821596244134,14.534509004580599,65.69501849031978,0,0,0,0,22497,16.412741589675445
ACLS,4851,169,194.59171597633136,14.35708250825083,41.22861265718408,4314,110,264.2909090909091,16.725400096797618,7.417709782104775,4520,96,321.375,12.543205976694143,97.34513274336283,0,0,0,1,13685,14.541896193914198
ACMR,5720,170,223.7235294117647,15.46417979233426,26.04895104895105,25964,703,238.27311522048365,19.641086491325975,10.399014019411494,45135,1246,233.18699839486356,16.717843565429423,29.57793286806248,0,1,1,0,76819,17.274369949696553
ACN,5372,188,198.0904255319149,16.79170624532536,42.62844378257632,13008,364,236.84065934065933,19.188867175241587,4.45879458794588,5845,182,218.2912087912088,14.073232608269645,74.42258340461935,0,1,0,1,24225,16.684602009612195
ACOR,21773,723,198.2033195020747,15.659611610304328,18.509162724475267,26840,727,241.72902338376892,19.187852261246807,8.42026825633383,15996,502,203.41235059760956,13.767941740966275,54.263565891472865,1,1,1,0,64609,16.205135204172468
ACRS,12560,295,284.18305084745765,17.943786603178086,26.671974522292995,26053,496,356.2641129032258,23.111815256083094,8.175641960618739,9050,189,329.64550264550263,17.05020583304051,63.75690607734806,1,1,0,0,47663,19.368602564100566
ACRX,16577,509,219.40471512770137,17.047680309742535,23.70754660071183,30906,885,228.2225988700565,20.22685149357685,12.457128065747751,8995,260,227.0423076923077,16.104562004758684,52.473596442468036,1,1,0,0,56478,17.793031269359357
ACT,1203,39,210.5897435897436,13.967592346089848,46.55029093931837,50506,1321,252.48750946252838,16.269434588125332,18.314655684473134,23677,571,274.1348511383538,18.910285202984273,22.04671199898636,0,1,1,0,75386,16.382437379066484
ACTG,2204,55,289.72727272727275,18.900772734150397,18.148820326678766,9379,169,371.1952662721894,20.79039140954183,5.437679923232754,9854,218,315.1192660550459,16.43976468782289,63.52750152222447,0,0,0,0,21437,18.71030961050504
ACVA,4755,189,170.61904761904762,16.371176425328926,10.304942166140904,25066,756,216.69179894179894,17.141325973746806,8.417777068539058,10473,323,209.1795665634675,15.427950933029042,62.828224959419465,0,1,1,0,40294,16.313484444034923
ACXP,13422,328,273.359756097561,14.600272260709943,47.01236775443302,18480,347,356.3342939481268,20.106883116883115,5.303030303030304,4740,99,325.85858585858585,16.481859659261307,44.51476793248945,1,1,0,0,36642,17.063005012284787
ADAP,12539,344,244.90406976744185,16.084432777889315,16.74774702926868,41425,928,296.72306034482756,16.10137897782064,9.92154496077248,8849,181,335.21546961325964,14.19898933571535,76.05379138885749,1,1,0,1,62813,15.461600363808435
ADBE,11884,363,229.52617079889808,20.208536676405853,10.770784247728038,11707,256,310.94921875,20.936530046277394,4.0146920645767485,7731,173,312.76878612716763,16.86536352077371,63.51054197387143,1,0,0,0,31322,19.33681008115232
ADES,5684,165,228.94545454545454,16.507390815762907,34.658691062631945,7143,167,283.2694610778443,17.61188254021179,13.999720005599888,11353,250,299.736,16.411146587543623,72.4918523738219,0,0,1,1,24180,16.84347331450611
ADI,6482,190,239.11052631578949,18.67461204927788,15.890157358839863,9407,192,335.921875,21.448966964655735,2.976506856596152,8188,214,257.93457943925233,16.306853843839328,68.51489985344406,0,0,0,0,24077,18.810144285924313
ADIL,26927,785,221.2076433121019,15.385547055798408,42.93088721357745,27031,744,235.38440860215053,19.14045195893866,8.3607709666679,6932,175,256.4685714285714,17.16951539599506,64.19503750721292,1,1,0,0,60890,17.23183813691071
ADM,6176,167,255.95209580838323,16.467220017649023,35.2979274611399,4623,106,311.60377358490564,20.858634765681746,2.5957170668397143,7963,216,254.91203703703704,14.529334085337428,78.23684541002135,0,0,0,1,18762,17.28506295622273
ADMA,20492,650,211.66,16.03054011100234,18.93421823150498,22372,609,241.3793103448276,20.241558225823983,9.52082960843912,8772,216,261.875,15.382837689435537,53.57957136342909,1,1,0,0,51636,17.218312008753955
ADMP,17743,496,235.2983870967742,17.53042071109461,22.205940370850477,36503,1019,233.50834151128558,17.48426791737882,17.86154562638687,51295,1437,231.93249826026445,17.575723564954682,24.953699190954282,1,1,1,0,105541,17.53013739780937
ADN,6798,245,184.31020408163266,16.364472863540463,18.093556928508384,10271,279,238.90322580645162,19.61123617529071,8.275727777236881,9549,263,236.26235741444867,15.886591348360103,58.959053304010894,1,0,0,0,26618,17.28743346239709
ADP,8335,241,235.4564315352697,16.813799392097263,10.557888422315536,5021,99,342.0808080808081,22.62338624289612,2.19079864568811,7787,177,302.3728813559322,14.461089111778726,67.67689739309104,1,0,0,0,21143,17.96609158225737
ADSK,6683,218,219.8256880733945,17.30985427541346,11.671405057608858,13971,317,300.4668769716088,20.822129071021163,7.086106935795576,12562,287,302.9303135888502,15.104301530525344,61.8532080878841,0,1,1,0,33216,17.74542829231999
ADTN,7063,246,195.89430894308944,17.812786905759882,22.370097692198783,14008,415,225.52530120481927,19.981328304385688,6.710451170759566,10660,346,200.43930635838151,13.572093064726168,64.54033771106941,1,1,1,0,31731,17.122069424957246
ADTX,7558,261,192.0,16.480402538968345,27.388197935961895,14414,409,228.56723716381418,19.73919813972938,7.770223393922576,6424,195,211.14358974358976,15.530448443810883,59.62017434620174,1,1,0,0,28396,17.250016374169537
ADUS,8441,294,195.69387755102042,17.548498091375055,15.04561070963156,13014,435,197.2919540229885,17.27093881390076,14.369140925157522,14566,422,221.04976303317537,11.180260215572716,85.9535905533434,1,1,1,1,36021,15.333232373616177
ADV,3538,120,207.94166666666666,18.220546639733318,7.631430186546071,20953,609,227.9704433497537,19.494514026872682,8.256574237579343,16372,413,260.52542372881356,16.16512828370893,59.12533593940875,0,1,1,0,40863,17.96006298343831
ADVM,19452,512,257.056640625,15.821920815291062,17.890191239975323,32816,681,323.5624082232012,19.94645488772355,5.1194539249146755,4308,96,305.2604166666667,15.264078850651522,51.0677808727948,1,1,0,0,56576,17.01081818455538
AEE,8719,205,301.54634146341465,17.853190699168938,57.34602592040371,10036,241,285.8091286307054,19.859224696232534,16.34117178158629,23847,495,331.23030303030305,18.54375413543536,71.70713297270096,1,0,1,1,42602,18.752056510278944
AEHR,5719,202,188.76732673267327,16.46923331220493,23.780381185521946,5412,196,182.3673469387755,17.741175166297122,10.347376201034738,5232,186,179.91935483870967,13.318786800850866,74.73241590214067,0,0,0,1,16363,15.843065093117639
AEI,8858,336,173.8095238095238,14.104920117224431,32.738767216075864,11951,340,228.18235294117648,18.54258279234293,8.534850640113799,13896,525,168.21333333333334,12.851590186359683,68.22107081174438,1,0,1,0,34705,15.166364365309017
AEIS,5027,152,233.22368421052633,17.00961287078479,31.430276506862942,9492,242,265.2396694214876,17.155181198624536,15.802781289506951,7295,221,232.21719457013575,15.609135515818299,58.12200137080192,0,0,0,0,21814,16.59130986174254
AEP,6833,242,194.5495867768595,14.984038137407033,30.733206497877948,8627,219,268.47945205479454,17.638077400485304,6.143502955836328,145,4,247.0,21.984741379310346,82.75862068965517,1,0,0,1,15605,18.202285639067565
AERI,25511,727,236.03163686382393,15.549720368084447,20.14817137705304,29713,614,327.03583061889253,20.88950351825093,8.178238481472757,10274,256,274.43359375,16.580658749865055,53.04652520926611,1,1,1,0,65498,17.67329421206681
AES,33,3,65.66666666666667,9.439393939393941,60.60606060606061,12652,312,277.1666666666667,20.07881999558271,9.089472020233954,10588,102,690.2058823529412,18.027464695723953,104.64676992822062,0,1,1,1,23273,15.84855954356687
AESE,8076,250,209.496,15.78418643638295,18.697374938088164,17316,512,218.63671875,17.36913340941766,5.601755601755602,9954,286,223.92307692307693,13.60752845055232,75.14567008237894,1,1,1,1,35346,15.586949432117644
AEYE,2176,67,234.47761194029852,17.266787163807567,16.08455882352941,11144,256,294.91796875,17.9087797216845,8.973438621679827,3853,72,367.7638888888889,17.710243647359743,81.49493900856474,0,0,0,1,17173,17.6286035109506
AFBI,18337,603,199.11774461028193,13.605798640484437,50.55352565850466,15,2,49.5,10.148333333333337,0.0,9430,281,212.9288256227758,11.151161285197983,119.93637327677624,1,0,0,1,27782,11.635097753005253
AFCG,14051,342,264.7309941520468,19.48803514211541,22.347163902925057,54333,1411,246.0127569099929,19.321399673244766,10.98779747115013,19186,547,218.43510054844606,12.836707150726614,76.82685291358283,1,1,1,1,87570,17.215380655362264
AFIB,10767,273,268.02930402930406,18.50331667627651,16.531995913439214,39106,805,324.9503105590062,20.964800389856098,6.776453741113896,9454,221,285.89592760180994,15.694331156324925,47.9162259361117,1,1,0,0,59327,18.387482740819177
AFL,6658,200,232.42,16.054339362435687,28.236707720036048,12030,310,265.8838709677419,16.47170980553273,6.151288445552784,9372,284,226.75,15.710744202861125,21.340162185232607,0,0,0,0,28060,16.07893112360985
AFRM,8754,263,224.84410646387832,15.470258205990032,7.539410555174777,30375,582,347.4639175257732,20.046148829119826,4.905349794238683,16492,424,256.50235849056605,14.001009788701598,91.1350958040262,1,1,1,1,55621,16.505805607937152
AGEN,7522,227,223.26872246696036,16.53875443655723,45.33368784897634,45134,1263,235.56294536817103,20.256847993612244,9.549341959498383,5732,176,216.20454545454547,14.72517697494057,62.805303558967196,1,1,0,0,58388,17.173593135036683
AGFS,6448,224,198.24107142857142,15.297991721870194,20.781637717121587,11910,337,232.3679525222552,19.22611165157033,6.129303106633082,6600,196,227.16836734693877,13.575765366820885,67.57575757575758,0,0,0,0,24958,16.03328958008714
AGFY,9988,323,205.21362229102166,16.567776836054097,18.822587104525432,24648,775,206.80903225806452,16.957610844682204,14.849074975657254,9258,262,232.25190839694656,17.208991586093678,58.43594728883128,1,1,0,0,43894,16.911459755609993
AGIL,5543,153,259.4640522875817,17.65224378246874,14.97384088038968,35494,720,322.3986111111111,17.48485162424598,9.860821547303768,12161,283,289.113074204947,13.599091934574169,97.93602499794426,0,1,1,1,53198,16.24539578042963
AGIO,21726,524,277.9618320610687,18.41803712034179,14.959035257295406,22999,488,314.29918032786884,22.013863733201678,7.304665420235662,8103,158,346.4746835443038,16.567160997230335,55.04134271257559,1,1,0,0,52828,18.999687283591268
AGLE,16693,521,213.83301343570056,17.090785869580937,21.985263284011264,37766,1054,235.1337760910816,21.28836097890731,11.227029603346926,5843,159,242.93710691823898,16.215965528247686,47.74944377888071,1,1,0,0,60302,18.19837079224531
AGNC,1742,59,198.98305084745763,16.19267604286261,5.1664753157290475,14384,378,244.94179894179894,17.11316109015424,10.150166852057842,1436,49,189.89795918367346,13.932510597069157,45.96100278551532,0,1,0,0,17562,15.746115910028669
AGRI,8365,255,227.32156862745097,16.973414706117314,39.210998206814104,9034,275,211.84,18.180116279069768,5.423953951737879,5729,171,217.32748538011697,17.4027788883044,55.332518764182225,1,0,0,0,23128,17.518769957830497
AGRX,20048,514,261.4046692607004,16.450086914198305,20.700319233838787,13154,293,297.40955631399316,19.900430355724648,9.654857837920025,9494,247,255.13765182186233,14.863317404348766,58.77396250263324,1,1,0,0,42696,17.07127822475724
AGTC,23914,694,225.84149855907782,18.720380600948868,21.95366730785314,31176,798,255.20802005012533,21.745585722489384,7.12086220169361,9111,257,231.1673151750973,18.19503734030143,48.951816485566894,1,1,0,0,64201,19.553667887913225
AGYS,5271,187,191.67379679144386,16.8765673282817,13.09049516220831,5279,175,198.25714285714287,18.23745732520676,9.850350445160068,6642,226,195.5796460176991,12.65086405854208,85.51641071966274,0,0,0,1,17192,15.921629570676847
AHCO,6562,198,236.12626262626262,17.605633563307745,24.230417555623283,21593,519,283.21194605009634,18.161560131478073,17.135182698096607,14888,360,283.09444444444443,9.011857857009403,124.05964535196132,0,1,1,1,43043,14.926350517265073
AHPI,3920,167,164.91616766467067,16.743708713110916,20.66326530612245,3480,131,172.09923664122138,15.751008910606497,9.482758620689655,5926,214,174.9392523364486,11.126156334231805,99.05501181235235,0,0,0,1,13326,14.540291319316404
AIG,19828,480,277.5520833333333,19.661947398815567,11.246721807544887,73094,1542,323.2548638132296,19.33548119685548,60.22382138068788,38445,942,277.0806794055202,17.504113554549495,15.814800364156588,1,1,1,0,131367,18.833847383406848
AIHS,18540,468,267.508547008547,17.131102838855067,34.034519956850055,33282,914,236.50437636761487,17.864592966637506,11.868277146806081,15115,422,234.68957345971563,17.944928627092384,56.301687065828645,1,1,1,0,66937,17.64687481086165
AIKI,7138,234,203.80769230769232,16.578229837241157,37.685626225833566,5360,144,239.25694444444446,19.93148810647536,11.194029850746269,3152,103,202.14563106796118,14.360986552143682,42.19543147208122,1,0,0,0,15650,16.956901498620066
AIMC,8466,332,173.1265060240964,16.5090457182641,29.41176470588235,11192,335,220.7462686567164,18.77507300315364,4.914224446032881,8559,238,234.6638655462185,15.355557053176693,60.05374459633134,1,0,0,0,28217,16.87989192486481
AIP,12395,360,234.94444444444446,16.82032425157924,16.377571601452196,25394,507,329.6351084812623,18.170406139073958,7.206426714972041,9854,221,301.52941176470586,16.79687641891225,38.86746498883702,1,1,0,0,47643,17.262535603188482
AIRG,9253,347,180.15850144092218,15.6209796484376,18.156273640981304,17141,530,211.19622641509434,18.714438141807232,7.934192870894347,6630,215,199.5906976744186,14.32055822271133,53.996983408748115,1,1,0,0,33024,16.218658670985388
AIRS,8412,198,290.8838383838384,17.296051771038247,12.363290537327627,25231,506,333.600790513834,18.823225632554898,3.963378383734295,7365,167,297.748502994012,13.711990599847834,78.34351663272234,1,1,0,1,41008,16.610422667813662
AIRT,3630,123,198.22764227642276,14.413724618050086,37.46556473829201,10098,257,256.63035019455253,15.981793845892742,3.4660328777975837,5167,116,296.19827586206895,15.289521428437496,63.67331139926456,0,0,0,0,18895,15.22834663079344
AIZ,11906,389,213.01542416452443,16.253208878628957,16.546279186964554,17127,408,285.0833333333333,20.817322881744534,4.20388859695218,14044,313,305.1629392971246,13.86565264339563,88.64995727712903,1,1,1,1,43077,16.978728134589705
AJG,3426,119,200.88235294117646,17.4876454056696,42.32340922358435,14477,405,238.28641975308642,19.504368776851113,7.943634730952545,38309,1055,236.17630331753554,19.045012924072832,61.39549453131118,0,1,1,0,56212,18.67900903553118
AKAM,4066,113,251.07079646017698,18.64479935944814,15.494343334972946,10444,238,296.2857142857143,20.397569505445976,4.787437763309077,11919,252,325.60714285714283,13.955026504763868,85.49374947562715,0,0,1,1,26429,17.66579845655266
AKBA,34471,868,263.2016129032258,14.996135899715444,22.51167648168025,74677,1589,313.6639395846444,16.454988291558298,15.238962465016002,75275,1661,300.02408187838654,16.275335773117387,16.579209564928593,1,1,1,0,184423,15.908819988130375
AKRO,26001,709,245.20592383638927,16.370894202845275,25.268258913118725,41694,748,667.4505347593583,17.291373332064037,270.7583825010793,6789,128,359.3359375,16.54314640756164,61.27559287082045,1,1,0,0,74484,16.73513798082365
AKTX,11356,357,208.01960784313727,17.41690859298947,14.529764001408946,14435,409,225.1246943765281,19.076312208502163,6.650502251472116,4110,149,179.78523489932886,15.998071693894484,56.934306569343065,1,1,0,0,29901,17.49709749846204
AKU,68,4,121.25,16.720000000000002,29.41176470588235,29141,886,219.3487584650113,17.79013420115459,9.67708726536495,7117,225,209.48888888888888,15.319235095608061,65.05550091330618,0,1,0,0,36326,16.60978976558755
AKUS,32969,844,259.4277251184834,17.627797497398223,14.771451970032455,37970,792,321.65909090909093,21.992086569319643,8.111667105609692,5863,107,377.7570093457944,18.050038787683174,44.51645915060549,1,1,0,0,76802,19.223307618133678
AKYA,10468,259,285.95366795366795,19.180021214763155,16.62208635842568,31755,646,325.9752321981424,19.494790359345675,4.755156668241222,8414,197,287.26395939086296,15.627319472296978,53.00689327311624,1,1,0,0,50637,18.100710348801936
ALB,5007,152,227.23684210526315,16.870010797049563,21.170361493908526,11527,285,271.94736842105266,17.864519537331166,2.602585234666435,43251,1077,272.5561745589601,18.083654736873502,39.92971260780097,0,0,1,0,59785,17.606061690418077
ALBO,21294,542,256.65682656826567,14.569852950961472,22.49459941767634,30555,602,337.80066445182723,20.52111180518614,8.214694812632958,8855,184,320.0108695652174,16.110190491761585,60.53077357425184,1,1,0,0,60704,17.067051749303065
ALCO,5564,190,189.52631578947367,15.77601377758478,57.69230769230769,9233,289,205.98961937716263,17.806853663684112,11.155637387631323,10633,248,267.94354838709677,15.157296632529853,112.38596821216966,0,0,1,1,25430,16.246721357932913
ALDX,14191,415,230.73253012048193,17.545264511082014,27.059403847508985,34275,905,250.32265193370165,20.34611283140796,6.243617797228301,6847,204,219.55882352941177,15.723726514868734,47.17394479334015,1,1,0,0,55313,17.871701285786234
ALEC,24539,841,193.10225921522,16.070006622516555,18.827173071437304,36432,932,260.4538626609442,21.73913562765178,6.313131313131313,5263,172,202.38372093023256,14.740887339967653,60.99182975489265,1,1,0,0,66234,17.51667653004533
ALGM,12096,345,243.82028985507247,19.57299165874964,17.857142857142858,21633,397,363.5566750629723,21.50878248771131,6.055563259834512,14932,265,380.1245283018868,13.309204472847714,97.70961693008304,1,1,1,1,48661,18.130326206436223
ALGN,9703,323,207.8173374613003,17.411060622668753,17.2111718025353,18107,335,362.9761194029851,23.00551263420132,2.0986358866736623,6272,120,361.7583333333333,14.286956685212413,80.99489795918367,1,1,0,1,34082,18.23450998069416
ALGS,23165,726,211.5564738292011,15.956916075182331,26.721346859486296,44667,1161,252.76399655469422,22.69545094855319,8.731278124790114,6845,194,233.64948453608247,16.284003362182478,48.50255661066471,1,1,0,0,74677,18.312123461972664
ALGT,9748,309,211.75080906148867,15.591863850798017,23.79975379565039,6906,188,239.89361702127658,16.455426870258332,15.783376773819867,5435,151,241.40397350993376,12.711288094270621,89.60441582336706,1,0,0,1,22089,14.919526271775657
ALIM,10297,337,200.32640949554897,14.967814327649446,18.937554627561425,18240,398,299.23366834170855,18.320008636111286,10.361842105263158,9162,286,211.4020979020979,13.518470219509517,74.43789565597031,1,1,0,1,37699,15.60209772775675
ALK,8696,296,197.36824324324326,15.613342091399307,44.503219871205154,6222,203,205.48768472906403,16.62895724847316,8.196721311475411,7114,181,265.27624309392263,14.437939659444918,120.74782119763846,1,0,0,1,22032,15.560079666439128
ALKS,16049,501,217.85229540918164,17.775165505022063,21.496666458969404,16701,425,257.88235294117646,22.315750414737114,7.724088377941441,11893,312,245.67628205128204,14.506016885902117,53.05641974270579,1,1,1,0,44643,18.198977601887098
ALKT,7367,162,314.9012345679012,18.25926124576547,21.854214741414417,20463,415,327.4698795180723,21.026029974999847,4.642525533890436,8817,236,254.60169491525423,12.899020275653527,74.62855846659862,1,1,0,1,36647,17.39477049880628
ALL,9614,261,266.9655172413793,17.44708995238572,30.788433534428957,6817,152,314.0263157894737,20.982990584759822,4.694146985477483,32355,682,338.6099706744868,15.565363528042951,99.27368258383558,1,0,1,1,48786,17.998481355062832
ALLE,5912,164,257.1646341463415,18.799244614220928,14.546684709066307,8991,203,302.4581280788177,19.636131855121814,5.449894338783228,8324,209,280.1961722488038,19.889643072044965,7.928880345987506,0,0,0,0,23227,19.44167318046257
ALLK,23031,748,203.91310160427807,14.002150483137033,33.91081585688854,27194,766,236.15404699738903,20.090806380865825,6.950062513789806,7009,207,224.94685990338164,16.188596059113305,50.221144243115994,1,1,0,0,57234,16.76051764103872
ALLO,24117,665,243.73533834586465,16.088730129893726,28.77638180536551,28546,620,308.3370967741935,20.71047108718491,5.149583128984796,7185,152,321.2894736842105,15.079421924738213,50.800278357689635,1,1,0,0,59848,17.292874380605614
ALNY,29697,736,276.50815217391306,17.40393981932385,22.830588948378626,31878,667,318.94452773613193,19.970554833095992,11.16757638496769,4047,50,577.14,20.575849549431897,133.92636520879662,1,1,0,1,65622,19.316781400617245
AMD,8055,278,196.4640287769784,16.02030753227141,12.166356300434511,16781,395,282.2632911392405,18.01879681387989,4.826887551397414,4628,100,307.14,16.07355675675676,70.65687121866897,1,1,0,1,29464,16.704220367636022
AME,4962,200,178.255,16.22198725159355,24.183796856106408,4721,136,236.0514705882353,19.221771469975874,4.871849184494811,5684,174,219.47701149425288,11.205382445451345,95.70724841660802,0,0,0,1,15367,15.549713722340258
AMGN,929,19,345.8421052631579,16.693451079258967,40.90419806243272,32392,902,245.76274944567626,17.01804822043628,14.880217337614226,46281,1240,256.1298387096774,16.809123718487978,34.20410103498195,0,1,1,0,79602,16.840207672727743
AMP,11660,313,260.220447284345,17.705096571031145,12.60720411663808,12169,278,297.6438848920863,19.685958878572567,2.8761607362971486,772,17,303.3529411764706,19.70833062418726,19.4300518134715,1,0,0,0,24601,19.033128691263656
AMT,7678,217,241.91244239631337,18.28064532364404,17.973430580880436,8905,183,326.8196721311475,21.743038875689,3.5934868051656372,19042,320,400.853125,15.989849708342849,83.34208591534504,1,0,1,1,35625,18.671177969225297
AMZN,1717,78,158.83333333333334,16.022428055278294,31.4502038439138,7567,153,342.48366013071893,22.706321237789236,0.5286110744020087,7092,158,311.11392405063293,16.852747524752477,53.581500282007894,0,0,0,0,16376,18.527165605940002
ANET,7080,216,234.85185185185185,18.122913644603234,8.474576271186441,25152,515,326.31456310679613,23.13422441107591,4.850508905852418,6819,181,258.58011049723757,13.016403521930812,78.6039008652295,1,1,0,1,39051,18.091180525869984
ANSS,7238,205,253.1609756097561,18.472172874238925,17.68444321635811,16526,454,253.48017621145374,19.15342481113267,11.436524264794869,8457,214,278.19158878504675,13.801874740546307,79.34255646210241,1,1,0,1,32221,17.142490808639298
AON,3575,115,216.94782608695652,16.24683993218856,14.825174825174827,12546,273,309.94139194139194,19.218397411840545,3.5070938944683565,12045,275,295.52,14.909105700747983,73.55749273557493,0,1,1,1,28166,16.791447681592363
APD,3664,125,203.104,16.44783726903395,34.93449781659388,4813,124,265.9596774193548,18.46952781208198,3.1165593185123623,12523,311,278.4372990353698,12.212305017922645,84.16513614948495,0,0,1,1,21000,15.70989003301286
APH,1412,26,408.11538461538464,25.56628943802826,33.28611898016997,12883,332,270.11746987951807,18.8601397423888,13.583792594892493,29979,730,279.9109589041096,18.914433276426234,55.57223389706128,0,1,1,0,44274,21.113620818947766
APTV,7526,242,216.26859504132233,17.499281616322886,27.5046505447781,10979,269,274.5650557620818,18.24554614171075,9.108297659167501,37513,973,265.0750256937307,16.95898240165867,38.67992429291179,1,0,1,0,56018,17.567936719897435
ARE,460,18,178.66666666666666,15.478896732026143,54.34782608695652,41005,863,320.6616454229432,20.19768876504509,10.413364223875137,72000,1325,376.3592452830189,20.246245501376695,79.5,0,1,1,1,113465,18.640943666149308
ATO,4604,105,338.9047619047619,17.578711839123972,109.90443092962641,4037,93,292.9462365591398,18.579895831136792,2.229378251176616,6875,132,361.22727272727275,15.636555604196055,98.32727272727273,0,0,0,1,15516,17.26505442481894
ATVI,6853,192,243.34895833333334,16.578308276773168,24.806654020137167,14918,319,310.54545454545456,20.33604073649727,4.893417348169996,12569,186,455.5698924731183,20.04719884996773,67.06977484286737,1,1,1,0,34340,18.987182621079388
AVB,4414,94,316.4255319148936,20.20478085789917,16.085183507023107,8137,173,305.47398843930637,17.602557065903117,6.2676662160501415,11290,193,404.94300518134713,16.2095975407272,92.11691762621788,0,0,1,1,23841,18.00564515484316
AVGO,7068,215,234.92093023255813,17.494400873650815,13.157894736842104,14948,316,316.61392405063293,18.349892672964526,3.679421996253679,8963,234,262.5811965811966,17.7252181445897,48.64442708914426,1,1,0,0,30979,17.856503897068347
AVY,3274,113,200.78761061946904,18.046690556554015,22.296884544899203,11459,384,196.75520833333334,18.635372584787067,15.184571079500829,43,2,149.5,26.70093023255814,46.51162790697674,0,0,0,0,14776,21.127664457966407
AWK,15022,392,263.515306122449,18.161320963160033,37.14551990414059,13547,286,316.74475524475525,20.998880183496556,6.71735439580719,15687,316,336.2025316455696,18.767490819017997,85.29355517307324,1,1,1,1,44256,19.309230655224862
AXP,11192,255,299.7921568627451,17.348261627219518,18.137955682630448,13825,280,335.17857142857144,21.448213100739988,4.050632911392405,22752,384,414.2083333333333,13.80867941473208,73.13642756680731,1,1,1,1,47769,17.535051380897198
AZO,5032,206,165.49514563106797,14.45704215761128,40.93799682034977,5990,129,312.4418604651163,18.250093241035568,5.843071786310517,8476,200,287.215,12.592108259959193,124.23312883435584,0,0,0,1,19498,15.099747886202016
BA,2927,96,215.13541666666666,15.909258940785616,24.25691834642979,8587,239,246.836820083682,16.484902788205257,17.934086409689066,16257,452,247.67477876106196,15.479956061272208,82.9181275758135,0,0,1,1,27771,15.958039263421028
BAC,3127,83,252.02409638554218,16.223641995993717,31.97953309881676,20627,452,315.6991150442478,19.015775621137923,3.2481698744364182,65777,1512,306.06613756613757,17.53734577556583,82.9469267373094,0,1,1,1,89531,17.592254464232486
BAX,1603,47,237.59574468085106,17.660502085932624,23.081721771678104,13988,379,251.9736147757256,18.545975170204247,7.291964541035173,13329,336,267.5565476190476,14.74232836439893,61.44496961512492,0,1,1,0,28920,16.982935206845266
BBWI,4929,179,184.92737430167597,15.023857453015811,40.170419963481436,12215,334,245.54790419161677,18.39820526794014,4.584527220630372,27159,741,245.98110661268555,17.06420000186534,50.44368349350123,0,0,1,0,44303,16.82875424094043
BBY,3225,103,212.98058252427185,17.621898537192653,22.94573643410853,9558,267,239.2621722846442,21.07138456284893,4.394224733207784,7845,220,231.30454545454546,14.834178865948946,88.46398980242192,0,0,0,1,20628,17.842487321996842
BDX,1156,27,336.85185185185185,22.671656548135307,16.43598615916955,11939,349,231.2406876790831,17.35650219658851,8.62718820671748,20537,491,290.3727087576375,17.17591089704487,44.89458051322004,0,0,1,0,33632,19.068023213922896
BIIB,3387,59,398.40677966101697,15.525846218431273,46.944198405668736,30014,737,284.1940298507463,15.885699313846533,15.092956620243887,38350,869,307.6662830840046,16.82535844638267,32.28161668839635,0,1,1,0,71751,16.078967992886827
BIO,3222,105,214.67619047619047,17.25253924405759,15.828677839851025,9064,239,251.30962343096235,17.450391452654134,7.06090026478376,6737,180,244.97222222222223,14.486865461336048,50.17069912423928,0,0,0,0,19023,16.396598719349257
BK,1021,26,271.7307692307692,17.7296220958257,14.691478942213516,28,2,85.5,16.35481481481482,0.0,52,2,158.5,25.793846153846157,153.84615384615387,0,0,0,1,1101,19.959427688162226
BKNG,6130,167,251.77245508982037,17.3349262700825,13.213703099510603,20695,505,273.87722772277226,20.538325612925096,5.21865184827253,14510,356,269.3370786516854,17.07162246022722,53.89386629910407,0,1,1,0,41335,18.314958114411606
BMY,8648,245,264.25714285714287,18.164361147670437,20.351526364477337,16201,399,276.4736842105263,18.0972399445215,9.62903524473798,42832,1038,291.65510597302506,18.33502944636938,30.117669032499066,1,1,1,0,67681,18.198876846187105
BR,9811,283,250.2226148409894,19.161652164577237,7.338701457547651,6923,159,291.54088050314465,19.095276220799615,5.34450382782031,11478,273,291.3260073260073,14.945551577050722,79.19498170412965,1,0,1,1,28212,17.73415998747586
BRO,7404,343,145.5597667638484,15.818071098231478,33.630470016207454,7511,212,238.8679245283019,20.214531388026106,11.849287711356677,10712,259,267.72586872586874,13.665591613702023,119.49215832710979,1,0,1,1,25627,16.566064699986537
BSX,10381,286,256.34265734265733,20.027749444177108,13.293517002215587,13402,306,298.73202614379085,22.258026065137674,5.745411132666766,39122,967,278.78903826266804,20.02766228556251,30.749961658401922,1,1,1,0,62905,20.771145931625764
BWA,5255,162,233.96296296296296,16.43184397399283,56.89819219790675,7093,199,242.09547738693468,17.253576405758242,8.881996334414211,11365,308,249.52597402597402,14.292375038153114,80.95028596568412,0,0,1,1,23713,15.99259847263473
BX,6032,167,243.35329341317365,18.178046616265487,15.915119363395226,56310,1497,248.80761523046093,17.8017878083964,7.813887408985971,75956,1951,255.2793439261917,18.36048499594934,47.06672283953868,0,1,1,0,138298,18.113439806870407
BXP,11019,235,316.7744680851064,18.029869203231744,92.11362192576458,15900,347,296.72046109510086,22.684590940136236,7.169811320754717,44891,954,320.46331236897277,22.02881674015786,87.9909113185271,1,1,1,1,71810,20.914425627841947
CARR,3943,122,225.54918032786884,17.62317500170523,21.810803956378393,14616,295,331.02372881355933,18.486560412177287,10.741652983032294,7949,225,239.22222222222223,16.5053583956991,64.78802365077368,0,1,0,0,26508,17.538364603193873
CAT,5523,188,210.50531914893617,16.490193037445923,16.476552598225602,8394,236,240.45338983050848,18.67481600128139,6.075768406004289,15916,395,282.2,13.90808171230502,144.19452123649157,0,0,1,1,29833,16.357696917010777
CBRE,4956,143,245.08391608391608,16.166629869691445,25.221953188054883,10854,224,328.23660714285717,19.470295007543047,4.698728579325595,13167,297,301.1111111111111,12.946111588597201,101.2379433432065,0,0,1,1,28977,16.194345488610566
CCI,583,7,599.2857142857143,33.65577319587629,66.89536878216124,15516,388,268.3453608247423,18.069338276019355,23.653003351379223,16,2,54.5,14.646666666666672,62.5,0,1,0,0,16115,22.12392604618744
CCL,13030,418,211.62918660287082,17.49943238948013,23.254029163468918,6874,191,236.82722513089004,18.37598448769582,6.109979633401222,20946,651,216.321044546851,17.297419596110696,20.433495655495083,1,0,1,0,40850,17.724278824428882
CDAY,3881,190,136.5157894736842,15.59708914845794,41.226488018551926,12092,337,232.72106824925817,20.361069664949827,6.864042342044327,10963,327,216.07951070336392,11.676414037195276,98.51318069871385,0,0,1,1,26936,15.878190950201011
CDNS,6757,219,218.07305936073058,16.748767470730915,17.907355335207935,13088,275,317.70545454545453,19.850350252505326,5.27200488997555,7020,152,316.6513157894737,15.880205241107578,63.390313390313395,1,1,0,0,26865,17.493107654781273
CDW,1669,44,260.9318181818182,16.772838077364195,25.763930497303775,11837,235,340.9489361702128,19.35923821001609,12.925572357860943,7621,165,324.04242424242426,14.690568027036878,92.90119406901981,0,0,0,1,21127,16.940881438139055
CE,5159,182,211.65384615384616,16.64377211801163,14.925373134328359,16453,429,267.61072261072263,16.552681280456444,14.222330274114142,25017,624,280.74839743589746,16.601417783202063,35.37594435783667,0,1,1,0,46629,16.599290393890044
CF,7316,220,223.02272727272728,15.189798235071407,62.73920174958994,13523,319,283.7554858934169,18.031321677109393,9.835095762774532,38356,992,256.875,16.631878698303222,66.14349775784753,1,1,1,0,59195,16.617666203494675
CHD,7453,241,208.448132780083,17.305696952677213,17.442640547430564,12354,324,253.80246913580248,19.48744850479881,7.366035292213048,8680,266,210.02631578947367,11.93017291353561,78.11059907834101,1,0,0,1,28487,16.241106123670544
CHRW,8812,361,167.57340720221606,16.159584621298695,27.576032682705403,4206,144,195.41666666666666,16.77651070968707,4.755111745126011,6601,194,238.45876288659792,13.04741504854369,102.10574155430996,1,0,0,1,19619,15.327836793176486
CHTR,6880,161,288.7826086956522,19.121934419538302,15.843023255813955,62111,1119,445.828418230563,15.305115929487972,123.55299383362045,8449,235,245.17446808510638,15.273809501315466,114.21469996449284,1,1,0,1,77440,16.566953283447248
CINF,12581,426,204.42957746478874,14.81450605458409,56.275335823861376,7763,256,203.9296875,17.355376003089315,11.851088496715187,30100,931,219.48012889366274,15.944662898863548,111.39534883720931,1,0,1,1,50444,16.038181652178984
CMA,9819,249,273.2329317269076,18.61011162840359,26.581118240146655,8150,194,299.88659793814435,20.20888883526384,6.748466257668712,58,3,144.66666666666666,19.52344827586207,68.9655172413793,1,0,0,0,18027,19.4474829131765
CME,7951,274,197.02919708029196,16.303305665814836,25.908690730725695,9847,230,285.295652173913,19.891427754455204,4.976134863410176,9217,327,196.03975535168195,15.185989021571654,49.79928393186503,1,0,0,0,27015,17.126907480613898
CMG,2613,66,272.1515151515151,17.798527076667856,16.073478760045923,8461,198,287.04545454545456,20.3648158008678,6.500413662687626,4810,136,233.875,14.51725514351925,69.64656964656965,0,0,0,1,15884,17.560199340351634
CPRT,8574,241,237.86307053941908,16.1508049362653,12.479589456496385,10985,254,290.09842519685037,17.808489014816562,5.826126536185708,7783,174,306.5632183908046,13.93375575702797,75.42078889888218,1,0,0,1,27342,15.964349902703276
CSCO,1779,52,239.1153846153846,16.944954827780922,11.804384485666104,20955,579,247.34024179620033,17.516131748812942,8.017179670722978,10200,272,259.0367647058824,15.35603728695888,87.54901960784315,0,1,1,1,32934,16.60570795451758
CSX,1573,63,174.44444444444446,14.351116497139227,33.693579148124606,3548,85,290.84705882352944,18.662545160374197,9.582863585118377,16012,448,245.89285714285714,15.612236060566872,49.83762178366225,0,0,1,0,21133,16.208632572693432
CTAS,3216,104,214.07692307692307,16.656058770656163,24.875621890547265,4180,98,295.1734693877551,19.7008457465901,4.30622009569378,6894,207,226.42995169082127,12.915978596429309,81.95532346968379,0,0,0,1,14290,16.42429437122519
CTSH,6172,153,270.48366013071893,18.487232753050808,37.91315618924174,6802,145,310.8551724137931,21.856882001077825,8.08585710085269,50,2,178.0,15.454000000000004,80.0,0,0,0,1,13024,18.599371584709544
CTXS,5371,147,258.59183673469386,17.89822374925072,14.150065164773785,16710,349,323.8997134670487,22.041122275853088,7.4207061639736684,9372,222,284.9954954954955,15.346613201778307,81.83952198036705,0,1,0,1,31453,18.42865307562737
CZR,8970,236,258.97033898305085,17.230941140458032,23.74581939799331,10416,250,272.304,19.33705095940824,6.336405529953917,18061,420,286.37857142857143,15.528747276317585,82.83040806156913,1,0,1,1,37447,17.365579792061286
DFS,16365,509,222.47544204322202,16.193239411498478,15.643140849373665,15082,389,261.1413881748072,18.14132926575539,10.078238960350086,17441,399,300.78195488721803,15.329044742729312,106.47325268046556,1,1,1,1,48888,16.55453780666106
DG,3560,97,250.2680412371134,17.392017552526557,32.30337078651686,8074,158,352.95569620253167,23.06032748851113,5.449591280653951,9227,243,250.2633744855967,12.772844955777334,75.86431126043135,0,0,0,1,20861,17.74172999893834
DGX,17805,644,196.2251552795031,17.505243022725193,19.15192361696153,8208,242,232.5,18.041329425501086,9.137426900584796,19,2,62.5,11.093947368421052,105.26315789473684,1,0,0,1,26032,15.546839938882442
DHI,5586,157,257.0,18.444752934447425,21.482277121374867,8924,223,271.1793721973094,18.22337912494451,8.292245629762439,16021,375,288.84,10.769981026510774,105.1744585231883,0,0,1,1,30531,15.81270436196757
DIS,10725,262,290.8702290076336,18.007657358385917,26.200466200466202,8325,198,279.0050505050505,17.43424651187264,11.771771771771771,12477,236,368.4237288135593,16.916353183452596,84.07469744329566,1,0,1,1,31527,17.452752351237052
DISH,12311,396,209.25252525252526,16.739469174182386,23.96231012915279,15089,329,305.7963525835866,20.1765338030208,8.350453973092982,30051,685,296.1007299270073,20.16421583503764,40.298159795015145,1,1,1,0,57451,19.026739604080277
DLTR,2070,68,204.89705882352942,15.456390592568319,34.78260869565217,13809,360,256.35833333333335,16.982842105263163,17.742052284741835,22537,586,257.6689419795222,17.02024927341829,44.28273505790478,0,1,1,0,38416,16.48649399041659
DOV,6512,170,277.5176470588235,20.623966130110464,9.520884520884522,4421,98,311.55102040816325,20.92513298132725,2.7143180275955667,26240,701,260.66619115549213,20.168838283172175,59.87042682926829,0,0,1,0,37173,20.572645798203297
DOW,5916,133,333.2706766917293,19.628385038868498,25.693035835023665,5585,135,293.22962962962964,18.227627317907793,27.573858549686662,29453,758,270.3390501319261,17.112291629691615,66.17322513835602,0,0,1,0,40954,18.3227679954893
DRE,3177,77,283.97402597402595,18.988523085747065,26.754800125904943,70296,1122,444.6336898395722,15.49615146658667,124.487879822465,10602,194,382.819587628866,15.519022108263666,98.09469911337483,0,1,1,1,84075,16.6678988868658
DRI,9124,277,225.35379061371842,15.330408905020452,37.15475668566418,8823,217,271.98617511520735,18.971800134545195,3.2868638784993767,6145,143,288.97202797202794,12.330482011405845,99.26769731489016,1,0,0,1,24092,15.54423035032383
DUK,11131,363,216.36914600550963,16.884899548532733,42.13457910340491,8628,184,323.875,20.726407457435446,1.6226240148354196,20434,475,294.98315789473685,18.069916540091814,60.38954683370853,1,0,1,0,40193,18.560407848686665
DVA,1253,39,213.12820512820514,15.874107206247782,30.327214684756584,41891,813,348.5768757687577,18.177164256786856,10.766035663985106,12821,241,371.7136929460581,18.869281132324435,66.84345994852195,0,1,1,0,55965,17.640184198453024
DXC,3174,114,195.87719298245614,16.57519445270192,25.519848771266542,15479,349,295.3868194842407,19.945061220720152,7.429420505200594,10536,213,336.40845070422534,14.261602246359512,95.3872437357631,0,1,1,1,29189,16.927285973260528
ECL,10611,290,259.2551724137931,18.350054725149068,23.183488832343794,6116,122,336.27868852459017,19.084598939445723,9.973839110529758,13954,338,291.18639053254435,12.728844559431675,104.12784864554966,1,0,1,1,30681,16.72116607467549
ETN,1866,56,231.57142857142858,15.137747697866882,48.23151125401929,1940,50,270.42,17.84253608247423,7.731958762886598,35,2,124.5,16.18357142857143,57.14285714285714,0,0,0,0,3841,16.387951736304178
GLW,7097,367,134.37874659400546,15.30801414690001,38.748767084683664,4789,121,270.1404958677686,21.943930705783576,4.802672791814575,13678,337,259.08902077151333,14.92608247546693,98.25997952917092,1,0,1,1,25564,17.392675776050172
GM,226,12,131.5,16.022727272727277,17.699115044247787,16868,457,249.9387308533917,14.979148831555516,27.4484230495613,29167,735,272.24897959183676,14.99051265117576,53.965097541742374,0,1,1,0,46261,15.330796251819516
GOOGL,3996,107,246.6728971962617,14.855700232783011,13.013013013013014,11504,264,293.75757575757575,18.25528552201897,3.2162726008344924,7838,163,329.4049079754601,14.595525325752195,57.66777239091605,0,0,0,0,23338,15.902170360184726
GS,21026,767,183.44328552803128,16.832444384756517,18.64358413392942,20101,533,249.68855534709192,18.989346766204587,6.666335008208547,41607,1373,201.07720320466132,15.611813322629036,79.09726728675463,1,1,1,1,82734,17.144534824530044
HD,6109,208,202.01442307692307,16.39360314001824,19.80684236372565,9743,210,322.74285714285713,22.004716084382554,2.565944780868316,4244,127,224.11023622047244,11.914589437197549,90.48067860508954,0,0,0,1,20096,16.770969553866113
HSY,4012,121,228.6694214876033,16.813060773019448,21.435692921236292,4570,101,315.7524752475247,21.27156086574799,10.065645514223196,11770,322,250.1614906832298,12.854422895884749,81.81818181818181,0,0,1,1,20352,16.979681511550726
JNJ,4610,140,232.8357142857143,16.822324046855616,15.618221258134492,5902,147,278.4829931972789,18.711275105269568,5.930193154862758,9609,270,246.38888888888889,11.607889240138633,94.80695181600584,0,0,0,1,20121,15.713829464087938
JPM,5525,194,198.1237113402062,14.824037271897243,19.547511312217193,17739,240,527.625,23.368980490701095,1.1838322340605445,55,3,136.66666666666666,14.230681818181822,90.9090909090909,0,1,0,1,23319,17.47456652692672
KMX,6105,218,184.61009174311926,15.08162688862187,27.190827190827193,5612,152,244.5,17.278783772529597,4.0983606557377055,23730,772,204.66968911917098,15.787294201622455,51.15887062789717,0,0,1,0,35447,16.049234954257972
KO,7032,185,261.68108108108106,17.929577443429732,12.372013651877133,19788,535,251.21869158878505,17.889268848271936,6.8728522336769755,41836,1155,243.18268398268398,17.944250530680907,29.830767759824077,1,1,1,0,68656,17.921032274127526
LDOS,7541,244,220.15983606557376,16.53672525133442,15.249966847898156,12426,275,307.58181818181816,17.930096432015436,4.023821020441011,7090,177,274.6949152542373,16.249987748664214,64.88011283497885,1,0,0,0,27057,16.90560314400469
LEG,6232,219,201.82191780821918,17.08371655603965,24.229781771501926,6167,192,212.421875,16.59888182220381,16.86395329982163,12984,382,228.1937172774869,13.818084291187738,71.62661737523106,0,0,1,1,25383,15.8335608898104
LIN,1334,55,167.3090909090909,15.690996386533577,11.994002998500749,4048,100,280.45,17.387892695066615,2.4703557312252964,6028,158,270.3544303797468,15.289068493214351,106.33709356337094,0,0,0,1,11410,16.122652524938182
LKQ,7991,224,245.4375,17.421899186444012,17.519709673382557,14843,339,284.5457227138643,17.679908268695453,7.61301623660985,11495,251,305.2231075697211,15.262638124560599,83.94954327968682,1,1,1,1,34329,16.788148526566687
LNT,7460,178,285.07865168539325,17.365677091259055,74.66487935656836,5677,140,272.98571428571427,20.755486480032506,2.466091245376079,12172,251,334.39442231075697,19.190429441127247,78.78738087413737,1,0,1,1,25309,19.103864337472938
LRCX,7091,264,186.38636363636363,16.29097838818383,18.756169792694966,10084,199,346.18090452261305,22.9688450687669,6.346687822292741,7456,169,296.5443786982249,16.147830458316474,85.30042918454936,1,0,0,1,24631,18.469217971755736
LUMN,7828,211,262.45497630331755,17.874393972694964,21.461420541645378,9708,218,299.2844036697248,18.03586389194233,6.69550885867326,12582,273,306.64835164835165,18.689715007816158,68.98744237800032,1,0,1,0,30118,18.199990957484484
LYV,5408,164,217.78048780487805,15.961916915717676,30.325443786982248,12545,299,276.82274247491637,20.107098329548638,6.297329613391789,10698,252,290.76984126984127,14.27410777541711,73.93905402879044,0,1,1,1,28651,16.781041006894473
MAR,3994,109,268.72477064220186,16.657804132973947,31.547320981472208,8306,177,311.91525423728814,20.930642537773668,6.38092944859138,6158,131,316.0458015267176,14.984166829279005,106.04092237739526,0,0,0,1,18458,17.524204500008874
MAS,1736,52,230.09615384615384,14.770361203872003,6.912442396313365,4686,112,284.32142857142856,18.97338669699356,2.774221084080239,5859,125,322.56,15.26791436737393,81.75456562553336,0,0,0,1,12281,16.33722075607983
MCHP,4792,172,196.65116279069767,17.099755813117557,26.71118530884808,18718,572,221.80594405594405,18.088553752150137,14.584891548242334,30380,893,228.79843225083985,18.12025954037475,27.48518762343647,0,1,1,0,53890,17.76952303521415
MCK,6813,196,254.33673469387756,18.35625352824704,17.31982973726699,7936,233,236.18884120171674,17.250950921511095,5.040322580645161,19753,507,264.5818540433925,17.233762650604877,69.10342732749456,1,0,1,0,34502,17.613655700121004
MCO,6561,183,260.4590163934426,18.417934387110254,27.892089620484683,9583,214,307.6682242990654,19.034080507306317,8.661170823332986,12082,237,365.90717299578057,17.334826203208554,68.20062903492799,0,0,1,0,28226,18.262280365875043
MDLZ,6921,225,209.13333333333333,15.645142955500798,37.85580118479989,10898,241,309.98340248962654,20.335212787389505,8.717195815746008,21161,496,292.2842741935484,14.505158730158733,91.06374935021974,1,0,1,1,38980,16.82850482434968
MDT,3827,94,301.1276595744681,19.15600631412786,11.758557616932322,14221,371,262.544474393531,17.99328100837919,6.539624498980381,38,3,78.0,13.630405405405408,105.26315789473684,0,1,0,1,18086,16.926564242637486
MET,17531,490,251.24693877551022,17.508066852489957,12.606240374194284,10835,251,295.80876494023903,18.726065832889947,1.1998154130133825,43360,993,304.53675730110774,17.592273398659312,73.52398523985241,1,0,1,1,71726,17.942135361346406
META,3596,100,237.82,16.74426837173198,14.18242491657397,25923,505,335.2039603960396,25.779404627624505,4.629093854877908,10153,233,289.7424892703863,16.850837165171836,76.0366394169211,0,1,1,1,39672,19.791503388176107
MGM,1877,47,255.2127659574468,14.706491397037773,49.547149706979226,23423,533,291.66041275797375,19.65245657761692,13.40562694787175,37933,858,292.467365967366,19.55056469298246,39.095246882661534,0,1,1,0,63233,17.969837555879053
MHK,5449,171,227.1812865497076,16.406903874403234,14.498073040924941,6007,122,343.1639344262295,19.102410059960025,8.157149991676377,6546,166,269.7409638554217,13.953664985994397,77.75740910479682,0,0,0,1,18002,16.48765964011922
MKC,3550,100,243.53,17.442290522556522,16.056338028169016,8925,209,287.9138755980861,19.465454542396866,8.179271708683473,18229,490,245.07755102040815,11.195102892276807,86.01678643919031,0,0,1,1,30704,16.034282652410067
MKTX,6557,202,222.66831683168317,16.400609189647742,29.434192466066797,64669,1444,345.26108033240996,13.105286792779612,115.89787997340302,8581,283,200.41342756183747,13.141442958781973,75.98182030066427,0,1,0,1,79807,14.215779647069775
MMC,7967,284,199.7112676056338,17.820339957529047,14.685578009288314,13563,324,281.86728395061726,20.34614658046087,5.4560200545602004,9263,240,258.7916666666667,13.420619086239526,84.7457627118644,1,1,0,1,30793,17.195701874743147
MNST,8980,211,295.33175355450237,17.918518171094274,20.824053452115812,12376,263,318.8174904942966,18.92260971055089,9.04977375565611,12149,198,426.5050505050505,13.09395405140885,74.65635031689851,1,0,1,1,33505,16.645027311018005
MO,1505,46,223.6086956521739,13.912730175027676,34.5514950166113,10271,207,335.0193236714976,19.446416117736792,17.622432090351477,35147,684,349.67543859649123,18.04054380533444,43.076222721711666,0,0,1,0,46923,17.133230032699633
MPC,770,10,590.0,42.61796536796537,6.493506493506494,21323,603,240.5787728026534,16.661662364042183,20.16601791492754,34333,913,256.93318729463306,16.69459693321325,51.757784056155884,0,1,1,0,56426,25.3247415550736
MPWR,3237,120,180.3,17.26748151280842,20.080321285140563,18416,598,202.08026755852842,17.602451106349204,9.448305821025196,5420,158,222.14556962025316,12.955232866198799,83.02583025830258,0,1,0,1,27073,15.94172182845214
MRK,8405,172,351.52906976744185,18.902462927401235,31.647828673408686,10252,211,336.33649289099526,16.655223913845557,7.60827155676941,20416,565,247.13451327433629,15.213083783829124,62.010188087774296,1,0,1,0,39073,16.923590208358636
MRNA,36064,1015,243.22364532019705,17.558344645259044,33.24645075421473,32181,850,255.2564705882353,22.022678821417504,6.649886579037321,8070,193,287.8134715025907,18.14568086883877,72.4907063197026,1,1,0,1,76315,19.242234778505107
MRO,693,23,205.2173913043478,16.309931982633866,27.417027417027416,16511,494,224.6902834008097,15.014167550436543,30.403973108836535,12101,374,217.6283422459893,15.042572242572245,38.26130071894885,0,1,1,0,29305,15.455557258547552
MSCI,8764,323,186.00928792569658,17.074245725078985,20.1962574167047,13239,351,246.74928774928776,22.21438247011952,6.118286879673692,14231,324,283.77777777777777,14.110199346405228,131.8951584568899,1,1,1,1,36234,17.799609180534578
MSFT,10850,419,177.41766109785203,16.432266649451424,17.6036866359447,10129,376,181.3962765957447,16.899400606703946,4.14651002073255,8427,263,210.29657794676805,14.621165018163179,62.77441556900438,1,0,0,0,29406,15.98427742477285
MSI,6431,114,381.6842105263158,14.700753901362557,132.79427771730678,70890,1561,319.30813581037796,17.534110836572413,72.45027507405841,28204,661,290.76550680786687,17.16996645482178,49.354701460785705,0,1,1,0,105525,16.46827706425225
MTB,12842,365,237.56164383561645,17.38784313874724,60.73820277215387,16118,425,253.66588235294117,19.571614822886747,7.3210075691773175,34853,948,236.5379746835443,11.06444900835599,151.86641035205002,1,1,1,1,63813,16.00796898999666
MTCH,6669,156,285.1474358974359,17.86902012243313,14.844804318488528,9058,159,374.8490566037736,19.757060716541684,6.182380216383307,11058,216,350.5787037037037,14.114550535049169,93.41653101826732,0,0,1,1,26785,17.24687712467466
MTD,5152,179,203.83240223463687,16.448597266062517,20.18633540372671,7901,224,236.78571428571428,16.017118609658393,10.251866852297177,21814,674,221.85014836795253,17.19013470268455,43.55001375263593,0,0,1,0,34867,16.551950192801822
MU,6745,197,236.85786802030458,16.726161803796476,25.35211267605634,22311,609,250.183908045977,16.489716457176268,19.721213751064496,5011,118,280.72033898305085,15.741971118291616,79.82438635002994,1,1,0,1,34067,16.319283126421453
NCLH,1871,64,190.8125,15.195770465489566,44.89577765900588,25275,706,237.8456090651558,16.496271021579748,21.008902077151337,10490,244,288.25409836065575,14.630466913239385,79.02764537654909,0,1,1,1,37636,15.440836133436234
NDAQ,4699,159,207.26415094339623,16.118898085716502,17.23771015109598,26415,698,259.8595988538682,16.262734210084364,9.388604959303427,27018,716,258.72486033519556,16.010949435567095,14.249759419646162,0,1,1,0,58132,16.130860577122657
NEE,9479,256,249.77734375,16.533628121845762,46.20740584449837,20135,415,328.9349397590361,16.567460912944032,21.85249565433325,33903,729,316.75308641975306,16.258017184696488,43.56546618293366,1,1,1,0,63517,16.453035406495427
NI,4583,154,210.0194805194805,15.670325038699513,41.675758236962686,14109,344,280.76453488372096,18.71875910702398,5.244879155149196,11276,309,258.49514563106794,14.597931722789607,85.75736076622916,0,1,1,1,29968,16.329005289504366
NLOK,4892,142,234.64788732394365,16.748642118055383,11.856091578086671,14058,331,287.27190332326285,17.677777063085767,6.828851899274435,6752,138,327.2391304347826,16.518037758937158,94.93483412322274,0,1,0,1,25702,16.98148564669277
NLSN,8309,310,181.82258064516128,16.168657063259268,16.367793958358405,19617,656,198.8841463414634,16.085022405177494,13.406739052862312,3964,144,179.79166666666666,15.64013645338937,24.217961654894044,1,1,0,0,31890,15.964605307275377
NOC,5171,146,257.06164383561645,17.100795123591293,27.84761168052601,12214,284,294.7077464788732,18.87435723853491,4.421156050433929,10329,221,321.4524886877828,15.387587904360057,94.00716429470424,0,0,1,1,27714,17.120913422162086
NOW,6133,191,225.7068062827225,17.06887798900185,7.989564650252731,14249,313,308.0223642172524,20.39025544988311,6.596954172222612,8810,245,239.33469387755102,17.48653584000291,53.46197502837684,0,1,0,0,29192,18.315223092962626
NSC,3017,92,231.55434782608697,17.174778038689478,71.59429897248923,2796,91,209.75824175824175,19.327615149772132,5.364806866952789,6190,213,196.68075117370893,13.725510757862125,111.79321486268175,0,0,0,1,12003,16.74263464877458
NUE,9810,365,177.2986301369863,14.354739552010958,22.73190621814475,3774,129,197.5968992248062,18.13930242133797,9.538950715421302,10052,315,206.42857142857142,13.384429793023841,63.569438917628325,1,0,1,0,23636,15.292823922124256
NVDA,5163,153,237.01307189542484,17.29203618194637,6.004261088514429,12791,341,252.21114369501467,18.242060672587566,8.52161676178563,6171,133,308.3233082706767,15.237461522795382,58.499432830983636,0,1,0,0,24125,16.923852792443103
NVR,2921,94,209.9255319148936,15.808483396097227,32.52310852447792,4118,97,282.1340206185567,17.434052101044454,5.342399222923749,8073,208,260.5769230769231,14.945630778729644,98.22866344605475,0,0,0,1,15112,16.06272209195711
NWL,4096,108,273.9166666666667,18.808437202391342,20.99609375,12008,286,286.73426573426576,20.406847202458163,9.910059960026649,13365,311,299.0128617363344,17.16570012787724,71.8294051627385,0,0,1,1,29469,18.793661510908915
NWSA,940,23,283.4782608695652,18.64196915043458,44.68085106382979,22276,527,291.78937381404177,16.02002491601344,17.01382653977375,39095,906,297.2748344370861,15.907027542603412,40.056273180713646,0,1,1,0,62311,16.856340536350476
NXPI,5173,175,211.59428571428572,17.948777413802677,15.658225401121207,18581,588,214.30612244897958,18.034664131540733,9.57967816586836,27729,794,236.05793450881612,17.902481119358622,41.94164953658625,0,1,1,0,51483,17.961974221567345
ODFL,3762,148,169.2027027027027,15.866279768674232,33.22700691121744,7937,222,236.8108108108108,19.88655151618777,3.5277812775607913,5246,162,206.8827160493827,13.450097427488004,72.81738467403737,0,0,0,1,16945,16.40097623745
ORLY,9090,282,217.17730496453902,14.490012923285281,58.52585258525853,4209,90,313.6111111111111,18.46462345774812,5.702066999287242,7123,114,427.12280701754383,16.243758164401175,100.94061490944827,1,0,0,1,20422,16.399464848478193
PAYX,5682,196,201.35714285714286,16.1494003581704,13.727560718057022,4809,167,190.61676646706587,18.035247411104184,3.1191515907673115,8104,201,268.07960199004975,13.957072885075466,69.59526159921027,0,0,0,0,18595,16.047240218116684
PCAR,4824,232,137.65086206896552,13.995535425497508,32.960199004975124,2089,92,155.15217391304347,16.34027969348659,11.010052656773576,8030,227,224.70484581497797,10.253964912280704,121.66874221668743,0,0,0,1,14943,13.529926677088268
PENN,4789,130,260.73846153846154,15.583789534125827,47.6091041971184,22436,496,304.5221774193548,16.342343859649123,13.326796220360135,31617,642,334.40965732087227,19.283011451743572,41.4966631875257,0,1,1,0,58842,17.069714948506174
PEP,4790,112,301.79464285714283,18.97836904761905,7.515657620041753,13516,282,330.5886524822695,19.215678969001747,5.770938147380882,49985,1082,322.87800369685766,19.274105021779594,77.08312493748124,0,1,1,1,68291,19.15605101280013
PFE,733,20,255.45,16.78086256216169,35.47066848567531,22523,587,266.7359454855196,17.611732100343335,16.38325267504329,15510,294,374.67687074829934,16.760259518807064,68.66537717601548,0,1,1,0,38766,17.0509513937707
PFG,9148,304,211.39144736842104,14.998633070710394,30.170529077393965,15947,394,275.9213197969543,17.010007091387795,10.472189126481469,1331,35,264.74285714285713,16.25830214972977,33.809166040571,1,1,0,0,26426,16.08898077060932
PGR,8653,268,218.8544776119403,15.985442004250501,30.162949266150466,10470,204,346.70098039215685,20.94696176532946,3.438395415472779,34,2,118.5,23.808750000000007,58.8235294117647,1,0,0,0,19157,20.247051256526657
PH,3430,86,280.75581395348837,18.077852457780462,24.489795918367346,4721,106,305.4056603773585,19.07874633648495,4.448210124973522,6325,157,279.36942675159236,17.383637602495856,61.6600790513834,0,0,0,0,14476,18.180078798920423
PKG,4555,253,118.55731225296442,13.594923603608297,59.275521405049396,4218,156,178.4551282051282,16.36402337917379,12.328117591275486,16289,571,186.93169877408056,14.797252960735232,65.01319909141138,0,0,1,0,25062,14.918733314505772
PKI,5075,65,590.723076923077,18.505582373097003,18.916256157635466,8628,194,300.54639175257734,19.600778384279476,11.126564673157162,7751,212,239.71698113207546,12.281099145308819,81.27983486001807,0,0,0,1,21454,16.795819967561766
PLD,4913,203,160.35960591133005,14.320042108365481,53.327905556686346,8559,262,211.32824427480915,17.567436241110986,8.879542002570394,10347,256,258.33984375,15.70989243522656,79.63660964530781,0,0,1,1,23819,15.865790261567676
PM,3290,103,214.94174757281553,15.956467358145211,31.610942249240125,7008,157,306.45859872611464,19.375942849509375,8.276255707762557,34618,893,263.973124300112,17.196071054381196,48.009705933329485,0,0,1,0,44916,17.509493754011928
PNR,2739,78,252.15384615384616,16.95558242392193,20.080321285140563,10513,256,274.234375,18.197883566862256,6.182821268905165,8163,174,321.9655172413793,15.442165654145636,63.21205439176773,0,0,0,0,21415,16.865210548309943
PNW,14850,538,178.90334572490707,15.287714171933082,52.457912457912464,9267,228,273.86842105263156,17.84076365869952,11.43843746627819,15240,460,219.36739130434782,15.911185533778077,64.69816272965879,1,0,1,0,39357,16.346554454803563
POOL,6907,206,233.14077669902912,17.53644452623813,20.414072679889966,5456,157,237.40764331210192,17.956293335849463,9.714076246334312,10929,305,240.18688524590164,13.724031931738214,76.03623387318144,1,0,1,1,23292,16.40558993127527
PPG,3868,101,280.58415841584156,19.471004636057703,23.526370217166495,3124,73,293.47945205479454,18.04435005756464,10.243277848911651,7894,200,277.495,14.298304988662135,90.70179883455789,0,0,0,1,14886,17.271219894094827
PRU,21424,615,245.25528455284552,18.020782860328286,19.04406273338312,10535,296,243.18243243243242,17.58115690967951,5.600379686758425,53711,1345,281.6282527881041,17.738978726679452,90.11189514252202,1,0,1,1,85670,17.78030616556242
PSA,4939,126,270.8015873015873,18.041114296824478,15.387730309779307,3919,76,337.75,18.086388515159246,10.206685378923195,11116,242,332.4297520661157,10.21758728613855,194.94422454120186,0,0,1,1,19974,15.448363366040757
PTC,1506,60,174.06666666666666,17.3998339753384,8.632138114209827,6369,193,213.33678756476684,18.78601753009868,6.280420788192809,8553,263,211.106463878327,13.225427227703769,88.15620250204606,0,0,0,1,16428,16.47042624438028
PVH,9572,284,225.2887323943662,16.52288743551434,21.207689093188467,10292,235,286.5191489361702,20.654316285998018,8.744656043528956,23779,529,289.22684310018906,17.758570795379793,62.32389923882417,1,0,1,0,43643,18.31192483896405
PWR,2416,57,313.82456140350877,21.169734219269106,20.695364238410598,28037,625,307.5824,20.02270130931168,9.0951243000321,44123,994,304.02917505030183,18.80859394687648,30.075017564535504,0,1,1,0,74576,20.00034315848576
PXD,721,21,238.42857142857142,18.149380312161956,15.256588072122053,24953,528,322.18939393939394,17.92638401031488,10.179136777141025,15,2,49.5,15.15571428571429,66.66666666666667,0,1,0,0,25689,17.077159536063707
PYPL,2842,77,251.9090909090909,17.226650387187615,5.277973258268824,19193,460,288.745652173913,17.23230147883375,5.26233522638462,27,2,89.5,19.176000000000005,37.03703703703704,0,1,0,0,22062,17.878317288673788
QCOM,7517,222,238.981981981982,17.785667042262855,19.555673806039643,29757,710,286.44084507042254,17.708730424918006,11.392277447323318,28552,633,304.9652448657188,17.709240136146608,24.201456990753712,1,1,1,0,65826,17.73454586777582
QRVO,4951,166,212.21686746987953,16.433684589994602,14.34053726519895,9865,215,309.3627906976744,18.469266403110158,7.805372529143436,6804,193,237.01554404145077,13.744211016098689,64.52087007642564,0,0,0,0,21620,16.215720669734484
RCL,1035,38,177.6315789473684,15.270946486137976,37.68115942028986,24865,691,241.43125904486251,17.151159017521007,24.733561230645485,41395,1115,247.60717488789237,17.192081627191225,42.34810967508153,0,1,1,0,67295,16.53806237695007
REG,1108,20,355.85,11.16747619047619,157.942238267148,10368,304,216.79934210526315,18.275247512460975,7.716049382716049,5974,122,326.72131147540983,16.85503218721981,89.55473719450954,0,0,0,1,17450,15.432585296718992
REGN,846,6,1082.1666666666667,56.525136778115495,11.82033096926714,30295,610,334.34262295081965,21.30143661172828,8.28519557682786,8161,174,324.13793103448273,14.680813202477236,79.52456806763877,0,1,0,1,39302,30.83579553077367
RF,9573,250,258.388,17.96499315719139,15.669069257286116,14729,388,252.03865979381445,17.693057479823157,8.758232059202934,27620,746,256.76005361930294,15.688491046745614,96.88631426502535,1,1,1,1,51922,17.115513894586723
RHI,3315,112,213.125,17.541468007924056,18.702865761689292,5976,175,230.14285714285714,17.980587749883778,6.024096385542169,2324,62,262.2258064516129,18.224112796701757,15.49053356282272,0,0,0,0,11615,17.915389518169864
RJF,10197,287,244.4006968641115,16.503202240210772,16.377365891928996,12055,318,257.00314465408803,18.473950210820075,4.645375362919951,23233,579,274.30742659758204,14.443151651254421,86.98833555718159,1,0,1,1,45485,16.473434700761757
RL,13301,400,227.0925,16.481900940102225,19.923314036538606,11202,270,281.4555555555556,19.8258779518354,6.963042313872522,19703,438,311.86301369863014,14.570717379434189,74.65868141907323,1,0,1,1,44206,16.95949875712394
ROK,537,24,157.375,14.98944004869142,31.65735567970205,6116,172,244.58139534883722,16.861915498386086,10.627861347285808,18410,508,252.36023622047244,17.129940766161585,60.347637153720804,0,0,1,0,25063,16.327098771079697
ROL,10058,225,305.6488888888889,20.729879389872625,21.57486577848479,75748,903,552.7109634551495,15.185921495473284,41.50604636426044,2993,76,267.7236842105263,12.426656886546983,112.93017039759438,1,1,0,1,88799,16.114152590630965
ROST,2841,104,183.06730769230768,14.835626365299824,20.06335797254488,6488,175,251.44571428571427,18.81375825052586,3.5450061652281137,6787,178,253.64606741573033,14.169836858669129,93.85590098718137,0,0,0,1,16116,15.93974049149827
SBAC,6018,180,224.87777777777777,16.789728812194728,25.58989697573945,12265,269,296.81040892193306,17.4490132482312,18.671015083571138,10629,195,356.9384615384615,14.708937741398621,96.05795465236616,0,0,1,1,28912,16.31589326727485
SBUX,6367,182,240.98901098901098,16.229323153992024,47.746191298884874,9154,181,342.7955801104972,21.24431979755411,4.478916320734106,8646,196,300.76020408163265,13.807069274410274,88.3645616470044,0,0,0,1,24167,17.09357074198547
SCHW,8609,219,274.1187214611872,18.50719782255788,20.559879196190032,7490,180,280.68888888888887,19.19873546236631,6.008010680907877,20475,481,296.07900207900207,14.73149087384849,92.55189255189255,1,0,1,1,36574,17.479141386257563
SIVB,9155,271,230.31365313653137,16.937787903641695,19.770617149098854,17773,393,303.6793893129771,19.323033836033648,5.907837731390311,26507,494,362.54453441295544,13.809028462826376,138.68034858716567,1,1,1,1,53435,16.689950067500572
SNPS,6718,199,236.83417085427135,17.40894308618302,13.099136647811848,9855,209,319.6650717703349,20.68499346547318,8.625063419583967,6538,161,278.69565217391306,14.975326070092489,66.22820434383604,0,0,0,0,23111,17.689754207249564
STX,72869,1203,414.6284289276808,17.32445760909079,63.44261620167699,14901,339,293.5486725663717,19.61484894353985,1.946178108851755,5892,131,300.2519083969466,17.240891274710297,104.71826205023761,1,1,0,1,93662,18.06006594244698
SWKS,3618,81,322.77777777777777,20.712031764612977,13.543394140409067,12427,244,348.6311475409836,20.26019954830041,4.184437112738393,3292,81,283.9382716049383,14.555895920233379,92.34507897934387,0,0,0,1,19337,18.509375744382254
TECH,1934,73,184.05479452054794,18.26610362694301,12.926577042399172,16413,506,219.03557312252966,17.040676852777384,9.260951684640224,7093,219,215.0593607305936,15.164530214131961,74.4395883265191,0,1,0,1,25440,16.82377023128412
TMUS,3881,102,263.15686274509807,17.307546532889493,27.570213862406597,11448,251,306.0239043824701,19.967620795088838,5.765199161425576,28916,579,343.3730569948186,18.67808701319864,54.50269746852953,0,0,1,0,44245,18.651084780392324
TRMB,8954,315,200.72063492063492,18.503208480306025,13.17846772392227,10194,240,289.3375,20.108021228695538,3.237198351971748,5852,142,299.0492957746479,14.454253148058804,90.05468215994532,1,0,0,1,25000,17.68849428568679
TROW,7085,266,186.62406015037595,14.29404207874796,33.168666196189136,6560,163,277.4171779141104,18.42439024390244,2.2865853658536586,12973,432,208.45138888888889,11.1357443891471,123.94974177137132,1,0,1,1,26618,14.6180589039325
TSCO,7236,279,176.4372759856631,15.711358922655915,28.883360972913213,9881,228,291.7061403508772,17.857066264663455,5.667442566541848,6944,167,282.76646706586826,13.405171239408226,80.64516129032258,1,0,0,1,24061,15.657865475575866
TSLA,6920,248,187.79032258064515,17.65093140265935,8.815028901734104,13369,404,215.45544554455446,19.610390188330545,5.909192908968509,9326,245,242.64489795918368,17.38939642481598,67.33862320394596,1,1,0,0,29615,18.216906005268626
TTWO,4829,163,201.51533742331287,16.27456453712448,20.086974528887968,13176,377,230.3289124668435,18.069216946201283,4.933211900425015,6566,163,260.680981595092,11.0059587451515,102.65001522997258,0,1,0,1,24571,15.116580076159087
TXN,3274,125,182.712,15.673155453988073,21.380574221136225,3766,91,278.4175824175824,18.119988674883846,3.186404673393521,2573,67,258.0149253731343,12.60100021315536,66.45938593082006,0,0,0,0,9613,15.464714780675758
UAL,7877,210,260.2190476190476,17.27144578295142,35.038720324996824,24050,653,251.3062787136294,17.137956142578954,20.665280665280665,34342,889,263.2789651293588,17.182781893887874,37.06831285306622,1,1,1,0,66269,17.197394606472752
ULTA,7601,254,203.75984251968504,16.117229269304104,24.602026049204053,7951,149,359.7248322147651,20.02920696974972,5.408124764180606,6535,155,286.7225806451613,13.662997321398297,76.51109410864575,1,0,0,1,22087,16.603144520150707
VRSK,9385,364,176.5521978021978,16.31132460833627,12.253596164091636,6252,196,208.66836734693877,18.41604595034519,4.6385156749840055,10665,357,194.88515406162466,12.521703183952237,74.07407407407408,1,0,1,1,26302,15.749691247544567
VRSN,5581,203,182.44334975369458,13.740748415720585,25.801827629457087,8500,200,282.59,18.476365850141786,4.470588235294118,4883,103,318.36893203883494,13.425317622950821,81.71206225680935,0,0,0,1,18964,15.214143962937731
VRTX,17689,579,205.6873920552677,15.807531952052077,18.71219401888179,22658,517,297.04448742746615,19.03737106675963,6.487774737399594,8385,200,288.055,14.20145566390951,63.446630888491356,1,1,0,0,48732,16.34878622757374
VTRS,5972,204,203.91176470588235,15.837794608526014,14.06563965170797,26344,514,346.73929961089493,21.130394153148192,4.251442453689645,13879,354,268.5734463276836,14.834211483339203,55.91180920815621,0,1,1,0,46195,17.267466748337803
WBA,8362,272,210.74632352941177,15.978994841961683,40.420951925376706,12151,286,289.2972027972028,19.499061711316028,6.830713521520862,14898,419,247.48448687350836,13.163543518126676,81.15183246073299,1,0,1,1,35411,16.213866690468127
WDC,5460,188,198.89893617021278,16.477575492972658,11.72161172161172,11233,298,248.69127516778522,19.26457067762045,2.4036321552568327,5945,151,262.19867549668874,15.666811759145581,74.51640033641715,0,0,0,1,22638,17.136319309912896
WYNN,11055,257,285.05058365758754,17.17130346529049,27.860696517412936,12541,336,244.43154761904762,18.516791439324702,7.973845785822503,9907,222,299.39639639639637,12.551563694153106,99.22277177753104,1,1,1,1,33503,16.079886199589435
XRAY,3266,78,306.52564102564105,18.504740923906933,18.677281077770974,11434,222,356.6981981981982,20.314973989580576,6.909218121392339,8315,203,277.4334975369458,16.30311126421867,58.44858689116055,0,0,0,0,23015,18.374275392568727
ZBRA,5949,193,222.32642487046633,17.367443218539673,12.775256345604303,8742,238,250.58403361344537,19.34880605606276,1.7158544955387784,6336,174,254.132183908046,15.525593935424421,80.01893939393939,0,0,0,1,21027,17.41394773667562
ZION,4232,108,278.287037037037,17.782125184860053,24.102079395085067,5527,125,305.904,17.97625225361715,5.246969422833364,21430,489,310.34151329243355,12.504550561208877,147.41017265515632,0,0,1,1,31189,16.08764266656203
