ticker,total_assets,total_revenue,net_income,long_term_debt,stockholders_equity,operating_income,cash_and_equivalents,public_float,employee_count,debt_to_assets,profit_margin,return_on_equity,log_total_assets,log_total_revenue,log_long_term_debt,log_cash_and_equivalents,log_public_float,log_stockholders_equity,log_employee_count
A,9627000000.0,5163000000.0,,,4873000000.0,941000000.0,1382000000.0,30900000000.0,,,,,22.987837487846114,22.364783643037608,,21.046797563015478,24.154022020882472,22.306975601012994,
AADI,18825000.0,14580000.0,-3478000.0,,-9093000.0,-2549000.0,4455000.0,60377007.0,,,-0.23854595336076817,0.3824920268338282,16.75069638477108,16.495161353131888,,15.309537843353914,17.91611892818312,-16.02301555468275,
AAL,62008000000.0,45768000000.0,1686000000.0,29324000000.0,-169000000.0,3065000000.0,,13600000000.0,,0.4729067217133273,0.036837965390665965,-9.976331360946746,24.850529245941747,24.546850993934488,24.101672130341854,,23.333335629761947,-18.945409278804508,
AAME,405187000.0,195348000.0,12169000.0,,145060000.0,11514000.0,19319000.0,17207139.0,,,0.062293957450293834,0.08388942506549014,19.81985924937012,19.090293146497718,,16.776599677337202,16.660834971925826,18.79265801479324,
AAOI,480805000.0,190872000.0,-66049000.0,52169000.0,329094000.0,-48747000.0,43425000.0,180051906.0,,0.10850344734351765,-0.34603818265643993,-0.2006994961925772,19.990972342545486,19.06711360952633,17.769999025879063,17.586545893119652,19.00875573950543,19.611853985245453,
AAON,449008000.0,469333000.0,53711000.0,,,67011000.0,79025000.0,2682900000.0,,,0.114441132415577,,19.922551265146872,19.96682309791731,,18.18527482872018,21.71016413635725,,
AAP,11839636000.0,9709003000.0,486896000.0,,3550813000.0,677180000.0,834992000.0,13033791636.0,,,0.050148918483185145,0.13712239985603297,23.194718722770908,22.996319436429026,,20.542932703128525,23.290811178615577,21.990442428580145,
AAPL,323888000000.0,260174000000.0,55256000000.0,,107147000000.0,63930000000.0,38016000000.0,2021360000000.0,,,0.21238094505984456,0.5157027261612551,26.50366361396872,26.284616474899963,,24.361272960712895,28.33479166812612,25.397467560349916,
AATC,21424000.0,8300000.0,1063000.0,1742500.0,17933000.0,608000.0,5118000.0,28838038.0,,0.08133401792382375,0.1280722891566265,0.05927619472480901,16.880022393589716,15.931766193248746,14.370831995504743,15.448274491090675,17.17720587223009,16.702153204693676,
AAWW,6029188000.0,2739189000.0,-293113000.0,2268459000.0,2067964000.0,-460971000.0,845589000.0,1479500000.0,,0.37624618771217616,-0.10700722002023226,-0.1417398948917873,22.519878178750723,21.730927728497676,21.542366583728864,20.555543985103633,21.114970030480443,21.449830385800848,
ABBV,150565000000.0,33266000000.0,7882000000.0,75962000000.0,13076000000.0,12983000000.0,8449000000.0,197245909217.0,,0.5045130010294557,0.23693861600432875,0.6027837259100642,25.73766072159046,24.227801691344816,25.053499052204224,22.857313928235477,26.007717057385094,23.29404432588485,
ABC,44274830000.0,179589121000.0,855365000.0,4119520000.0,-1018924000.0,1111923000.0,4597746000.0,14163374015.0,,0.09304428723949928,0.004762899864073615,-0.8394787049868292,24.5136821809919,25.91393741748877,22.139002488909007,22.24883202056973,23.3739251747944,-20.742013006462546,
ABCB,18242579000.0,636394000.0,161441000.0,,1456347000.0,,,3340000000.0,,,0.25368089579725767,0.1108533886498204,23.62702420419629,20.271328427922132,,,21.92923664423442,21.099197083188685,
ABCL,1005536000.0,11612000.0,-2211000.0,,11609000.0,-4117000.0,594116000.0,3794989154000.0,,,-0.19040647605924904,-0.1904556809372039,20.728786570613604,16.26754969024446,,20.202585146139512,28.964702668801305,16.267291303460233,
ABEO,151198000.0,10000000.0,-84234000.0,,178430000.0,-81420000.0,12596000.0,137200000.0,,,-8.4234,-0.47208429075828057,18.83410080072284,16.118095750958314,,16.34888994059333,18.73695028054469,18.99970693101205,
ABIO,50429000.0,0.0,-9738000.0,,7610000.0,-9766000.0,49071000.0,50092054.0,,,,-1.2796320630749014,17.736076984219572,0.0,,17.708778807287405,17.729372970645176,15.844973861243904,
ABMD,1216462000.0,769432000.0,259016000.0,,689524000.0,224812000.0,192341000.0,12155296841.0,,,0.33663273687603323,0.3756446476119758,20.91921248336624,20.461163139567265,,19.07478040156074,23.221030865806675,20.35151206387389,
ABNB,10491499000.0,4805239000.0,-674339000.0,2000000000.0,-517308000.0,-501543000.0,2013547000.0,50300000000.0,,0.1906305285831891,-0.14033412281886498,1.3035541688897136,23.07383114723908,22.292972618194106,21.416413018006356,21.423163680918528,24.641270914071985,-20.064149001701225,
ABOS,44429000.0,,-7325000.0,,-11420000.0,-7912000.0,6552000.0,0.0,,,,0.6414185639229422,17.60940298985174,,,15.695281057140184,0.0,-16.25087684975781,
ABSI,88569000.0,4780000.0,-14353000.0,3524000.0,-41159000.0,-13301000.0,69867000.0,1200000000.0,,0.0397881877406316,-3.0027196652719663,0.34872081440268227,18.299292478507976,15.379951313672638,15.075107549806612,18.062104007036947,20.9055873945737,-17.532953197498546,
ABT,72548000000.0,31904000000.0,3687000000.0,18534000000.0,32784000000.0,4532000000.0,6838000000.0,200631182471.0,,0.25547223906930583,0.11556544633901705,0.11246339677891655,25.00751424871537,24.185997230757184,23.642872720164867,22.64576112830976,26.0247341464157,24.21320642847346,
ABTX,6050128000.0,232907000.0,52959000.0,,702984000.0,,422766000.0,728600000.0,,,0.2273826033567046,0.07533457375985797,22.523345265955435,19.26614979451441,,19.8623293948197,20.40663544391123,20.370844691336735,
ABUS,137080000.0,6914000.0,-63745000.0,0.0,72744000.0,-57806000.0,52251000.0,238483586.0,,0.0,-9.21969916112236,-0.8762922027933575,18.736075262265693,15.749059044097772,0.0,17.771569606520423,19.289811048314565,18.102457000134724,
ABVC,11606705.0,483045.0,-10593584.0,,3438340.0,-8505776.0,4273208.0,16488373.0,,,-21.930842882133135,-3.0810170023906887,16.267093592487445,13.087867166195089,,15.26787562520161,16.618166084458686,15.050499645579375,
ACAD,782616000.0,90068000.0,-235259000.0,,479079000.0,-246545000.0,189680000.0,2500000000.0,,,-2.6120153661677845,-0.4910651479192367,20.47815271348097,18.31607550966441,,19.06084900499346,21.639556569220566,19.98737607079468,
ACCD,73248000.0,94811000.0,-56496000.0,21144000.0,-183696000.0,-53977000.0,33155000.0,960200000.0,,0.2886631716906946,-0.5958802248684224,0.3075516070028743,18.10936151538668,18.36739600479643,16.866866782561,17.31670412294647,20.682652155102563,-19.028792780759506,
ACER,14613688.0,0.0,-22885449.0,,18370316.0,-22802825.0,5761568.0,34649392.0,,,,-1.245784177038653,16.497469250143396,0.0,,15.566720391412398,17.360790765409227,16.726246713438716,
ACET,153835000.0,,-36678000.0,,-60366000.0,-39191000.0,84330000.0,226000000.0,,,,0.6075936785607793,18.85139116391704,,,18.250248243409,19.23604556166134,-17.91593660706786,
ACGL,,,,,,,,,,,,,,,,,,,
ACHC,6499362000.0,2008381000.0,108923000.0,3122426000.0,2333307000.0,,378697000.0,5500000000.0,,0.4804203858778754,0.054234231453095805,0.04668181255188451,22.594969855338306,21.42059476231111,21.861876101044277,19.752246973643413,22.428013929366653,21.57055241198422,
ACHV,40298000.0,,-16395000.0,,15802000.0,,35853000.0,84749980.0,,,,-1.037526895329705,17.511812422708974,,,17.394937831408797,18.255216080036018,16.575647135547943,
ACIW,3386903000.0,1258294000.0,67062000.0,1155007000.0,1048231000.0,123756000.0,121398000.0,3849856234.0,,0.3410215763486584,0.0532959705760339,0.06397635635656644,21.943181771753707,20.95302267300732,20.86737224237366,18.614584970226755,22.07130164299045,20.770369819357693,
ACLS,624624000.0,342958000.0,,,408337000.0,24205000.0,203479000.0,1333886152.0,,,,,20.25266042826775,19.653118551568944,,19.131073368333364,21.011362438219248,19.82760337427547,
ACMR,341257000.0,107524000.0,18894000.0,25367000.0,141150000.0,17791000.0,58261000.0,1980600000.0,,0.07433400633540117,0.17571890926676834,0.1338575982996812,19.648146420003915,18.493224645728322,17.04895971410323,17.880443490947687,21.406665666556375,18.765333719748433,
ACN,37078593000.0,43215013000.0,4779112000.0,,17000536000.0,6305074000.0,8415330000.0,159483888262.0,,,0.11058916029945427,0.28111537189180386,24.33630563196729,24.489453794995583,,22.85332087962537,25.79520874004397,23.556510709976173,
ACNB,2555362000.0,85290000.0,18394000.0,53745000.0,189516000.0,,399352000.0,233741282.0,,0.021032245137870876,0.2156642044788369,0.09705776820954432,21.66145973393189,18.261567784019995,17.799761215995684,19.805353793957412,19.269725433459097,19.05998401691679,
ACOR,632680000.0,152967000.0,-99594000.0,151025000.0,237955000.0,-78076000.0,62085000.0,52234372.0,,0.2387067711955491,-0.651081605836553,-0.4185413208379736,20.26547532464014,18.845732776355927,18.8329559506105,17.94401498794003,17.77125132273574,19.287592142330922,
ACRS,70784000.0,4227000.0,-161354000.0,10653000.0,215124000.0,-111058000.0,22063000.0,914500000.0,,0.1505001130198915,-38.17222616512893,-0.7500511332998643,18.075143558551574,15.257003316123301,16.181352194463603,16.90941260061526,20.633888026888688,19.18672516867346,
ACRX,66295000.0,5416000.0,-40379000.0,13803000.0,-41418000.0,-40963000.0,27274000.0,161163094.0,,0.2082057470397466,-7.455502215657312,0.9749142884736105,18.00962505261505,15.50486827821234,16.44039659025373,17.121444462064872,18.897927422620267,-17.539226151057758,
ACT,5652710000.0,978853000.0,677628000.0,738162000.0,3273739000.0,,452794000.0,619000000.0,,0.1305855067746267,0.6922673782478064,0.20698901164692726,22.455400913305983,20.701892037024695,20.419673872025307,19.93094783609057,20.24361583226438,21.909198594024918,
ACTG,511307000.0,12004000.0,109231000.0,,277274000.0,-19518000.0,165546000.0,330094000.0,,,9.099550149950018,0.39394606057545967,20.05248075250489,16.300750568847956,,18.924759665821618,19.61488802337746,19.4405167485273,
ACVA,404550000.0,106847000.0,-77216000.0,4832000.0,-41165000.0,-79282000.0,117890000.0,2500000000.0,,0.011944135459152145,-0.7226782221307103,1.8757682497267096,19.818285898690004,18.486908471951352,15.39077122555041,18.585262552750795,21.639556569220566,-17.533098963007145,
ACXP,3224020.0,,-4600038.0,,,,,48100000.0,,,,,14.986139896235086,,,,17.68879275586601,,
ADAP,451142000.0,1122000.0,-137165000.0,,246885000.0,-139770000.0,56882000.0,583895832.0,,,-122.25044563279857,-0.5555825586811673,19.92729270600267,13.93062425632998,,17.856489522165376,20.185233156732327,19.324433203178884,
ADBE,24284000000.0,11171000000.0,2951000000.0,4117000000.0,9362000000.0,3268000000.0,1643000000.0,188310000000.0,,0.16953549662329107,0.2641661444812461,0.315210425122837,23.91308353425578,23.13658697162464,22.138390579977074,21.219789676610183,25.96135537794927,22.959924779931104,
ADES,146671000.0,13624000.0,-1893000.0,5445000.0,85210000.0,-8641000.0,,122600000.0,,0.03712390315740671,-0.1389459776864357,-0.02221570238234949,18.803702548044537,16.427343574724542,15.51020849800391,,18.624437589622993,18.26062936753985,
ADI,21468603000.0,5991065000.0,1363011000.0,,11997945000.0,1710608000.0,1055860000.0,42211000000.0,,,0.2275072962820467,0.11360370463441864,23.7898573792306,22.513535029764004,,20.77762143863106,24.465946687552346,23.208001222152802,
ADIL,5491444.0,,-10892990.0,,7140586.0,-10927985.0,4401114.0,40504498.0,,,,-1.5255036491402807,15.518701984681917,,,15.297368475876738,17.51692361232688,15.781305543821627,
ADM,49719000000.0,64656000000.0,1379000000.0,7887000000.0,,,852000000.0,33700000000.0,,0.15863150908103543,0.02132826033160109,,24.62965299077604,24.892346745297996,22.788481671489055,20.5630970859673,24.2407636743344,,
ADMA,207673394.0,42219783.0,-75748548.0,,26193149.0,-64914877.0,55921152.0,173220302.0,,,-1.7941482077252742,-2.8919221587293684,19.15147718723773,17.55839948431262,,17.839453274418325,18.97007477008629,17.081008484165537,
ADMP,30867462.0,2776587.0,-49391089.0,,33001244.0,-36342430.0,6748945.0,162839042.0,,,-17.7884175788477,-1.496643247751509,17.245213209751576,14.836733393741042,,15.724896902508172,18.908272804647368,17.312055845991825,
ADN,1894061.0,731874.0,-357102.0,,-833802.0,-231431.0,515734.0,304955741.0,,,-0.4879282499446626,0.4282815344650169,14.454234287144866,13.503365013334118,,13.153348346652097,19.53567721584575,-13.63375244240749,
ADP,41887700000.0,14110200000.0,2292800000.0,,5752200000.0,,1949200000.0,75329818310.0,,,0.16249238139785405,0.3985953200514586,24.458258064716436,23.370163777125985,,21.390684869446655,25.0451418868735,22.472848227449127,
ADSK,6179300000.0,2569800000.0,-80800000.0,1650000000.0,-256000000.0,-25000000.0,1774700000.0,51800000000.0,,0.2670205363067014,-0.0314421355747529,0.315625,22.544470833554055,21.66709391220279,21.22404112546496,21.296897232068268,24.670655986231154,-19.360688006350088,
ADTN,525679000.0,530061000.0,-52982000.0,,446279000.0,-39963000.0,60161000.0,995597465.0,,,-0.09995453353481958,-0.11871945576646,20.0802013201564,20.088502654113793,,17.912534876430197,20.718853583255598,19.916454877181774,
ADTX,13096504.0,105034.0,-9149227.0,,-2852177.0,-8872209.0,10500826.0,32725168.0,,,-87.1072890683017,3.207804775089344,16.38785595868243,11.56204890692978,,16.166964573930958,17.30365503399442,-14.86359347091097,
ADUS,892582000.0,648791000.0,25237000.0,194872000.0,268491000.0,34752000.0,145078000.0,1364290000.0,,0.21832391869878623,0.038898505065575815,0.09399570190434689,20.609628945268703,20.290621190447336,19.08785349587165,18.792782093679143,21.03389998447304,19.408327955522847,
ADV,5777492000.0,3785063000.0,-21172000.0,2093075000.0,2421835000.0,213674000.0,184224000.0,3436600000.0,,0.36228089973988714,-0.005593566078028292,-0.008742131482945783,22.47723551560298,22.054328368611433,21.461900113977514,19.031662971885847,21.957748447767905,21.60779135465347,
ADVM,482567000.0,0.0,-117507000.0,,174957000.0,-117950000.0,62424000.0,320300000.0,,,,-0.6716336013992009,19.99463033127902,0.0,,17.949460390798215,19.58476861770146,18.980050793125063,
AEE,32030000000.0,5910000000.0,,13182000000.0,8938000000.0,1267000000.0,139000000.0,20481306104.0,,0.41155167030908524,,,24.1899388005987,22.499911668533624,23.3021180996528,18.749984498289212,23.742778409742403,22.913577687569553,
AEHR,20574000.0,21056000.0,-5235000.0,,14077000.0,-5000000.0,5428000.0,34124251.0,,,-0.24862272036474165,-0.3718832137529303,16.839538749278148,16.86269616059958,,15.507081484166799,17.345518891815246,16.46005288884796,
AEI,107713745.0,16238200.0,-5100318.0,,59971555.0,-2184738.0,,57049221.0,,,-0.31409380350038796,-0.08504561871040363,18.494987766294283,16.602877110699637,,,17.859424997018987,17.90938094111458,
AEIS,1647662000.0,788948000.0,64941000.0,322046000.0,814739000.0,54388000.0,480368000.0,4280072758.0,,0.19545634966394806,0.08231340975577604,0.07970773462421708,21.22262315091795,20.486210971695357,19.590204953553577,19.99006303687585,22.177235846161977,20.51837837574424,
AEP,75892300000.0,15561400000.0,,26725500000.0,20550900000.0,2592300000.0,392700000.0,42651294349.0,,0.35215034990374516,,,25.052581066939485,23.468059326006532,24.008884002793828,19.788556522094712,24.476323458606487,23.746170572598754,
AERI,402045000.0,69888000.0,-199581000.0,,227806000.0,-187492000.0,151570000.0,734874546.0,,,-2.8557263049450547,-0.8761007172769812,19.812074583104238,18.062404532955266,,18.83655812900545,20.415210358255138,19.24400495191396,
AES,33648000000.0,10189000000.0,303000000.0,,2634000000.0,,1089000000.0,17370000000.0,,,0.029737952694081853,0.11503416856492027,24.239219455936475,23.044574544036706,,20.808525681815507,23.578010417256994,21.69176944064715,
AESE,61900495.0,3210805.0,-45058830.0,,44220826.0,-31725978.0,424223.0,48017960.0,,,-14.033499387225323,-1.0189504375155725,17.94103875054679,14.982032553930974,,12.958016896598576,17.687085686381483,17.604706435163518,
AEYE,18254000.0,20475000.0,-7158000.0,,1566000.0,-7133000.0,9095000.0,118178850.0,,,-0.3495970695970696,-4.57088122605364,16.71989484684147,16.834715236543456,,16.023235479884875,18.58770972137727,14.264035794102286,
AFBI,850628000.0,30632000.0,3088000.0,,77167000.0,,178253000.0,89100000.0,,,0.10080961086445547,0.040017105757642515,20.561485459357904,17.237555804784865,,18.998714453021584,18.30526990366438,18.161482475426457,
AFCG,93961692.0,,4313632.0,,0.0,,9623820.0,248018374.0,,,,,18.358397735898322,,,16.079751937128687,19.32901339412646,0.0,
AFIB,192535000.0,8464000.0,-101981000.0,,,-91333000.0,25234000.0,304100000.0,,,-12.048794896030246,,19.075788518540868,15.951332551227658,,17.043702889098896,19.532867155935985,,
AFL,165086000000.0,22307000000.0,3304000000.0,,23462000000.0,4461000000.0,5141000000.0,35892975941.0,,,0.14811494149818444,0.1408234592106385,25.829732387190404,23.828166367545887,,22.36051345021429,24.30380745708577,23.87864792807256,
AFRM,1402251000.0,264367000.0,-120455000.0,,-169272000.0,-127441000.0,267059000.0,0.0,,,-0.455635536961875,0.7116061723143816,21.061344640205203,19.39284885104231,,19.402980169480674,0.0,-18.947017452445913,
AGEN,214514000.0,150048000.0,,,-203672000.0,-70137000.0,61808000.0,1230000000.0,,,,,19.183885566929447,18.826465807535985,,17.939543380067335,20.930280007143747,-19.13202141961413,
AGFS,785783000.0,170065000.0,-53591000.0,,272393000.0,-40755000.0,29288000.0,44500000.0,,,-0.31512068914826685,-0.19674147279849336,20.482191232123668,18.951691280757558,,17.192688467925887,17.61099976960838,19.42275643807694,
AGFY,21839000.0,12087000.0,-21617000.0,,-6679000.0,-12616000.0,,226200793.0,,,-1.7884504012575495,3.236562359634676,16.89920796603655,16.307641135575107,,,19.236933631808128,-15.714478983430775,
AGIL,220282000.0,163987000.0,-26177000.0,137343000.0,18335000.0,-11223000.0,9256000.0,80500000.0,,0.6234871664502774,-0.15962850713776092,-1.4277065721298063,19.210419106210523,18.915297720451935,18.737992011799104,16.040782655893672,18.203767754811153,16.72432241402806,
AGIO,852952000.0,,-411472000.0,,687537000.0,-316269000.0,127436000.0,3267590001.0,,,,-0.5984725185699097,20.564213833063782,,,18.66312484360103,21.907318547689272,20.34862620569314,
AGLE,161618000.0,0.0,-78254000.0,,67428000.0,-80334000.0,90095000.0,337400000.0,,,,-1.160556445393605,18.900746090174337,0.0,,18.316375238242447,19.636779731039983,18.026570934712968,
AGNC,81817000000.0,,688000000.0,,9906000000.0,,1017000000.0,7300000000.0,,,,0.06945285685443166,25.127750882935807,,,20.740122954996117,22.711140185237742,23.016406471213408,
AGRI,3365889.0,,-3221526.0,,2994702.0,-3345371.0,,0.0,,,,-1.0757417599480683,15.029202973460333,,,,0.0,14.912355619339026,
AGRX,73062000.0,749000.0,-18606000.0,16381000.0,20174000.0,-18858000.0,14463000.0,101200000.0,,0.22420683802797625,-24.8411214953271,-0.9222761970853574,18.106818967404205,13.52649559761195,16.611632745633102,16.487104291197817,18.43260932469906,16.81990525416567,
AGTC,100319000.0,2453000.0,-11577000.0,9677000.0,78709000.0,-11990000.0,38463000.0,105400000.0,,0.09646228530986155,-4.719527109661639,-0.14708610197054975,18.42386567666533,14.712822730904628,16.085262597200884,17.46520732420196,18.473273203559202,18.18126807787699,
AGYS,154562000.0,140842000.0,-13164000.0,,108431000.0,-13081000.0,46653000.0,473711377.0,,,-0.09346643756833899,-0.12140439542197343,18.85610587477325,18.763149259761672,,17.65824781330643,19.976108787027094,18.50162459316818,
AHCO,1813472000.0,529644000.0,-21341000.0,784714000.0,354889000.0,29378000.0,,2170000000.0,,0.43271360131284076,-0.040293102536798305,-0.06013429551211787,21.31850907736209,20.087715642595047,20.4808298794261,,21.497993004959607,19.687315625307782,
AHPI,19672359.0,31381521.0,-2109685.0,,13996940.0,-2774022.0,136112.0,15968116.0,189.0,,-0.0672269836761577,-0.15072472983380653,16.79472516283272,17.261729806323686,,11.821240702079473,16.586104604660846,16.45434936370493,5.247024072160486
AIG,586481000000.0,49746000000.0,3348000000.0,37534000000.0,66362000000.0,,,40695000000.0,,0.06399866321330103,0.06730189361958751,0.05045055905488081,27.097406108949976,24.63019589532865,24.348513025842134,,24.42937107174999,24.9183904404673,
AIHS,15630718.0,15768015.0,-8673325.0,,2803697.0,-5596938.0,833888.0,19190883.0,,,-0.5500581398482941,-3.093531505009279,16.564748702619223,16.573494142527522,,13.633855578957975,16.76994593258209,14.846449818055175,
AIKI,30495000.0,,-12337000.0,,10532000.0,-6546000.0,2715000.0,85897788.0,,,,-1.1713824534751234,17.233073326504954,,,14.81430287967423,18.26866864739156,16.16992889454706,
AIMC,4208100000.0,1834100000.0,127200000.0,1414200000.0,1848200000.0,224100000.0,254400000.0,4000000000.0,,0.33606615812361873,0.0693528160950875,0.06882372037658262,22.160277076595648,21.329819735466486,21.069829837841528,19.35441839336106,22.109560198316302,21.337478029959282,
AIP,42736000.0,31812000.0,-3260000.0,,-9430000.0,-3777000.0,11744000.0,0.0,,,-0.10247705268452156,0.3457051961823966,17.570552237731356,17.27535416649384,,16.278853114986294,0.0,-16.059406760654173,
AIRG,54927000.0,48502000.0,-3279000.0,,47904000.0,-3184000.0,38173000.0,210000000.0,,,-0.06760545956867758,-0.06844939879759519,17.821515607068832,17.697115612788593,,17.45763904358528,19.162618093443648,17.684709587076576,
AIRS,179610000.0,41236000.0,-2212000.0,32519000.0,83528000.0,663000.0,10379000.0,0.0,,0.18105339346361563,-0.05364244834610535,-0.02648213772627143,19.006298397137265,17.534822243449067,17.297335122614832,16.155295188295817,0.0,18.240692474924117,
AIRT,,,,,,,,,,,,,,,,,,,
AIZ,44649900000.0,9569100000.0,382600000.0,,5951400000.0,,2207600000.0,9220000000.0,,,0.03998286150212663,0.06428739456262392,24.52211790464715,22.981804994206225,,21.515171789982602,22.944640874623374,22.506892323112304,
AJG,,,,,,,,,,,,,,,,,,,
AKAM,7764130000.0,2893617000.0,478035000.0,,3191860000.0,548918000.0,393745000.0,18726500000.0,,,0.16520327327355347,0.14976690706985896,22.772780246188212,21.785773113965053,,19.791214052150508,23.653205470003794,21.883869656236286,
AKBA,644139000.0,335001000.0,-279659000.0,97543000.0,635928000.0,-286288000.0,147449000.0,632302577.0,,0.15143160094327465,-0.8348004931328563,-0.43976519354392324,20.283425100840624,19.629644077844578,18.395803874637767,18.808992918024583,20.264878600199083,20.270595908921273,
AKRO,273339000.0,,-43755000.0,,-49919000.0,-45651000.0,187242000.0,768216344.0,,,,0.8765199623389892,19.426223344705342,,,19.047912461158095,20.459581950660922,-17.725912269805974,
AKTS,71433000.0,1790000.0,-36140000.0,,25955000.0,-32038000.0,44308000.0,470900000.0,,,-20.189944134078214,-1.392409940281256,18.084270519408363,14.397726736475999,,17.606675828188248,19.970156317337377,17.071874865771687,
AKTX,,,,,,,,,,,,,,,,,,,
AKU,665052000.0,245626000.0,-36741000.0,389986000.0,80832000.0,24977000.0,23389000.0,140500000.0,,0.5863992590053109,-0.14958107040785584,-0.4545353325415677,20.315375792555383,19.319320615897563,19.781621401571936,16.96777642708817,18.760718053855513,18.207883497063637,
AKUS,333350000.0,,-48600000.0,,-32801000.0,-48880000.0,68932000.0,298528331.0,,,,1.4816621444468157,19.624703550028194,,,18.048631083890655,19.514375400865692,-17.30596959118138,
AKYA,77660000.0,42443000.0,-16706000.0,34520000.0,-30159000.0,-12011000.0,17006000.0,319900000.0,,0.4445016739634303,-0.393610253752091,0.5539308332504393,18.167850895144436,17.563672580802947,17.357049453148214,16.64907683973065,19.583519008045723,-17.221993977213263,
ALB,10450946000.0,3128909000.0,375764000.0,2394239000.0,5625266000.0,505812000.0,,24500000000.0,,0.22909304095533553,0.12009425649643374,0.06679933002279359,23.069958337671448,21.863950218755797,21.59633127243251,,23.921938954537907,22.45053407298547,
ALBO,285607000.0,8308000.0,-107633000.0,,93161000.0,-96271000.0,251272000.0,672700000.0,,,-12.955344246509389,-1.1553439744098926,19.47012730143458,15.932729584344045,,19.34204657967302,20.32681002448238,18.349839747877603,
ALCO,423937000.0,11005000.0,37833000.0,,216341000.0,45214000.0,3163000.0,156821017.0,,,3.437800999545661,0.1748766992849252,19.86509541960958,16.213860363810483,,14.967031818443285,18.87061570026492,19.19236642913177,
ALDX,83352503.0,,-37553729.0,16042500.0,48082317.0,-36421020.0,77858311.0,648685384.0,,0.1924657259542644,,-0.7810299366397007,18.238589208701427,,16.590752070941228,18.17040121997322,20.290458388254752,17.688425058343576,
ALEC,488251000.0,21219000.0,-105385000.0,,-97398000.0,-114404000.0,89641000.0,1192500000.0,,,-4.966539422215939,1.0820037372430646,20.00634017789817,16.87040761181381,,18.31132337372443,20.899317781565344,-18.39431624478819,
ALGM,817821000.0,650089000.0,36971000.0,43000000.0,633182000.0,52828000.0,99743000.0,1300000000.0,,0.05257874278112203,0.05687067463070441,0.05838921510718877,20.522154045437922,20.292619836096023,17.57671069691365,18.418107445859004,20.985630102183134,20.266268460109128,
ALGN,4829683000.0,2406796000.0,442776000.0,,1252891000.0,542493000.0,960843000.0,34700000000.0,,,0.18396906094243134,0.3534034485042993,22.298046671194125,21.601562239766793,,20.68332158314071,24.27000552392804,20.948719518653473,
ALGS,265302000.0,0.0,-108543000.0,,-64891000.0,-97834000.0,220383000.0,25583489.0,,,,1.672697292382611,19.39637936148435,0.0,,19.21087750431934,17.057457779523222,-17.988219512584088,
ALGT,3991073000.0,990073000.0,-184093000.0,,883551000.0,-280985000.0,363378000.0,1700000000.0,,,-0.18593881461265988,-0.20835582779035958,22.107325954251387,20.713289236758207,,19.710954175495143,21.253894088596816,20.599459574147357,
ALIM,50855000.0,50820000.0,-5339000.0,,-4445000.0,-501000.0,11208000.0,59501651.0,,,-0.10505706414797324,1.2011248593925758,17.744489023705583,17.743800555533586,,16.23213845622096,17.901514634836307,-15.307290651901996,
ALK,14046000000.0,8781000000.0,769000000.0,3495000000.0,3751000000.0,1063000000.0,221000000.0,7500000000.0,,0.24882528833831696,0.0875754469878146,0.2050119968008531,23.365603494754435,22.89585613343815,21.974599212918307,19.213673264006914,22.73816885762201,22.045288308312756,
ALKS,1949730000.0,1170947000.0,-196620000.0,,1171285000.0,-175479000.0,272961000.0,3918149321.0,,,-0.1679153710629089,-0.16786691539633822,21.390956738909814,20.88107866093057,,19.42483948946485,22.088885267534256,20.881367274528248,
ALKT,249166000.0,73541000.0,-41869000.0,24879000.0,-153857000.0,-42535000.0,166790000.0,972700000.0,,0.0998490965862116,-0.5693286738010089,0.2721293148833007,19.333629902985532,18.113353645384688,17.02953467229599,18.932246100048918,20.695586268867736,-18.851534164059352,
ALL,125987000000.0,41541000000.0,4847000000.0,7825000000.0,25998000000.0,,,38210000000.0,,0.062109582734726596,0.11667990659830048,0.1864374182629433,25.559444563979785,24.449946728311172,22.780589573500425,,24.366363098431393,23.981285448970702,
ALLE,2967200000.0,2854000000.0,401800000.0,,829400000.0,565100000.0,480400000.0,12500000000.0,,,0.14078486334968465,0.4844465878948638,21.810884584476675,21.771987356351442,,19.990129650251703,23.248994481334666,20.536213106982245,
ALLK,719618000.0,,-85372000.0,,183994000.0,-91418000.0,38367000.0,3236600000.0,,,,-0.46399339108883986,20.394231075014044,,,17.462708299147632,21.897789233356026,19.03041371178089,
ALLO,1227829000.0,0.0,-184594000.0,,703164000.0,-202008000.0,183351000.0,2254000000.0,,,,-0.262519127827932,20.92851340697518,0.0,,19.02691291197039,21.535972253007653,20.37110070990765,
ALNY,3407061000.0,219750000.0,-886116000.0,,1301965000.0,-939431000.0,547178000.0,19996896335.0,,,-4.032382252559727,-0.6805989408317428,21.949115880073116,19.208001099080185,,20.120284720613583,23.718842915258243,20.98714049941911,
AMD,8962000000.0,6731000000.0,341000000.0,330000000.0,2827000000.0,631000000.0,1466000000.0,103400000000.0,,0.03682213791564383,0.05066112019016491,0.12062256809338522,22.916259253421945,22.629989558123555,19.6146032154551,21.105803441093,25.36187079903041,21.762481916011595,
AME,10357483000.0,5158557000.0,861297000.0,2413725000.0,5115492000.0,1177380000.0,1212822000.0,30900000000.0,,0.23304165693537707,0.1669647151325458,0.168370315113385,23.06097509068832,22.363922726361267,21.60443703473985,20.916215713354067,24.154022020882472,22.35553941960303,
AMGN,62948000000.0,23362000000.0,7842000000.0,32986000000.0,12500000000.0,9674000000.0,6266000000.0,137531019585.0,,0.5240198258880345,0.3356733156407842,0.62736,24.865574825700914,23.87437660772272,24.21934906600269,22.558404029636,25.647115325598953,23.248994481334666,
AMP,165883000000.0,13103000000.0,1893000000.0,,5588000000.0,,,28400000000.0,,,0.14447073189345952,0.3387616320687187,25.834548557529995,23.29610704864518,,,24.069654982148784,22.44388727852008,
AMT,47233500000.0,7580300000.0,,43497500000.0,4093500000.0,2688400000.0,1501200000.0,122500000000.0,,0.9209035959647284,,,24.578369223571393,22.748818613785843,24.495969302148136,21.129530625891274,25.531376866939357,22.132666187025066,
AMZN,225248000000.0,280522000000.0,11588000000.0,33174000000.0,43549000000.0,14541000000.0,42122000000.0,1507362696975.0,,0.14727766728228442,0.04130870306072251,0.26609106982938757,26.14046785437657,26.359917990209695,24.225032273560405,24.463836006489444,28.041382681450134,24.49715257789174,
ANET,4738919000.0,2410706000.0,859867000.0,,2143389000.0,805774000.0,893219000.0,21908602716.0,,,0.35668679631609995,0.40117169585175627,22.27907488778326,21.603185488021563,,20.6103423506552,23.810145214763878,21.485654058663336,
ANSS,5940590000.0,1515892000.0,451295000.0,,2649547000.0,515040000.0,912672000.0,25434000000.0,,,0.2977092035580371,0.17032911663767428,22.505074292156063,21.13926988218303,,20.631887119904686,23.959352698584283,21.69765451931325,
AON,32114000000.0,11013000000.0,1532000000.0,9392000000.0,3495000000.0,2169000000.0,790000000.0,53867751208.0,,0.2924581179547861,0.13910832652319985,0.43834048640915596,24.192557909105044,23.12234223022002,22.963124100138625,20.487543504691164,24.70979782799306,21.974599212918307,
AOS,3058000000.0,2992700000.0,370000000.0,113200000.0,1666800000.0,529100000.0,573100000.0,,,0.03701765860039241,0.12363417649614061,0.22198224142068634,21.841026944780292,21.81944182724832,18.54466673256728,20.166570781266863,,21.234171458112524,
APD,25168500000.0,8918900000.0,1760000000.0,,12079800000.0,2144400000.0,5253000000.0,62100000000.0,,,0.19733375192007982,0.14569777645325255,23.948859049601868,22.911438457660463,,22.382065179108604,24.852011825901947,23.214800473107417,
APH,12327300000.0,8225400000.0,1155000000.0,,5384900000.0,1619200000.0,1702000000.0,36303000000.0,,,0.14041870304179735,0.2144886627421122,23.23508215212239,22.830492764755757,,21.255069867685137,24.315166219457982,22.406864577465907,
APTV,17522000000.0,14357000000.0,990000000.0,,7905000000.0,1276000000.0,2821000000.0,42398905595.0,,,0.06895591000905482,0.1252371916508539,23.586723071247654,23.387503465161622,,21.760357269320753,24.47038838743611,22.79076130773435,
ARE,22827878000.0,1531296000.0,363165000.0,8791866000.0,11725712000.0,,568532000.0,27500000000.0,,0.38513724315505804,0.23716185505610934,0.030971680013972713,23.851248345336398,21.14938027327546,22.897092812917027,20.158568159808095,24.0374518416553,23.185049874467047,
ATO,15359032000.0,2901848000.0,511406000.0,,4769951000.0,746058000.0,20808000.0,12737499573.0,,,0.17623459257686827,0.10721409926433206,23.454969541911815,21.788613612710684,,16.850848134169063,23.2678162020507,22.285601869466856,
ATVI,23109000000.0,6489000000.0,1503000000.0,3605000000.0,11392000000.0,1607000000.0,8647000000.0,73721746854.0,,0.15599982690726558,0.231622746185853,0.13193469101123595,23.863487989028624,22.59337427273955,22.005587607960717,22.88047827704035,25.023563665275756,23.15617719170381,
AVB,19199144000.0,2324626000.0,,7629814000.0,10751583000.0,1551891000.0,39687000.0,29036990171.0,,0.39740386342224426,,,23.678131531705034,21.56682500326146,22.755329304619302,17.496534261309794,24.091836377316696,23.098318836585975,
AVGO,75933000000.0,22597000000.0,,40994000000.0,,3444000000.0,4292000000.0,182800000000.0,,0.5398706754638958,,,25.05311720947929,23.841082991094893,24.43669155150274,22.180018661947855,25.93165849597193,,
AVY,6083900000.0,7070100000.0,303600000.0,2029200000.0,955100000.0,,232000000.0,17300000000.0,,0.3335360541757754,0.04294140111172402,0.3178724740864831,22.528911774817846,22.679140461167876,21.430907464149612,19.26224793394093,23.573972338507946,20.677326606051977,
AWK,22682000000.0,3587000000.0,621000000.0,,5864000000.0,1214000000.0,547000000.0,24667400000.0,,,0.17312517424031224,0.10590040927694407,23.844837495383636,22.00058203577534,,20.11995936221441,23.92874837081082,22.492097801701295,
AXP,198000000000.0,28159000000.0,6759000000.0,42952000000.0,22290000000.0,,,131100000000.0,,0.21692929292929292,0.24002983060478,0.3032301480484522,26.011532867645997,24.061132856277585,24.483349050089963,,25.599226227723694,23.82740398438905,
AZO,9895913000.0,11863743000.0,1617221000.0,,-1520355000.0,2216137000.0,217824000.0,24697255765.0,,,0.13631625364777372,-1.0637127512982165,23.015387680668123,23.19675277946043,,19.199197959820676,23.9299579718169,-21.142209697824747,
BA,152136000000.0,76559000000.0,-636000000.0,63380000000.0,-18316000000.0,-1975000000.0,9485000000.0,140400000000.0,,0.41660093600462744,-0.0083073185386434,0.034723738807599915,25.74804069460296,25.061327522367876,24.872414191224962,22.972977440438818,25.667761328545243,-23.631040831795858,
BAC,2819627000000.0,91244000000.0,27430000000.0,262934000000.0,265325000000.0,,,349925254902.0,,0.09325134140083068,0.3006225066853711,0.10338264392725902,28.667625722626997,25.236803073833464,26.295168887064275,,26.580985411203237,26.304221326598068,
BAX,20019000000.0,11362000000.0,1001000000.0,17754000000.0,8689000000.0,1772000000.0,3730000000.0,40000000000.0,,0.8868574853888805,0.08810068649885583,0.11520313039475198,23.719947659585944,23.15354029116936,23.599876679648865,22.03967407087023,24.41214529108535,22.88532369491857,
BBWI,11571000000.0,5405000000.0,-366000000.0,,-662000000.0,1040000000.0,3568000000.0,21200000000.0,,,-0.06771507863089732,0.552870090634441,23.171767804927036,22.410590288222597,,21.995271051944442,23.777267018671548,-20.310776115411855,
BBY,,,,,,,,,,,,,,,,,,,
BDX,54012000000.0,17290000000.0,1233000000.0,,23765000000.0,1760000000.0,2825000000.0,70616222365.0,,,0.0713128976286871,0.05188302124973701,24.712472081063723,23.57339413669945,,21.7617742018988,24.9805257336058,23.89147974705446,
BIIB,24618900000.0,14377900000.0,5888500000.0,7426200000.0,10700300000.0,7042600000.0,,51264577902.0,,0.30164629613833277,0.4095521599120873,0.5503116735044812,23.92678027762253,23.388958142483208,22.728280124872963,,24.66026586140539,23.093537615497866,
BIO,12972618000.0,2311700000.0,1758675000.0,,4020331000.0,229661000.0,660672000.0,,,,0.7607712938530086,0.43744532477549736,23.286106665406848,21.561249021984388,,20.30876805832101,,22.114630074744923,
BK,381508000000.0,16462000000.0,4441000000.0,25984000000.0,45801000000.0,,4830000000.0,44195604602.0,,0.06810866351426445,0.2697728101081278,0.09696294840724001,26.66739765730951,23.52432053155761,23.980746800964162,22.29811230481793,24.511891177714205,24.54757176191116,
BKNG,21874000000.0,15066000000.0,,,8785000000.0,5345000000.0,6312000000.0,89700000000.0,,,,,23.80856455390516,23.43570638641629,,22.565718420648412,25.21973660602231,22.896311558699303,
BMY,118481000000.0,26145000000.0,3439000000.0,50336000000.0,37822000000.0,,14546000000.0,148383155646.0,,0.424844489833813,0.1315356664754255,0.09092591613346729,25.498018447121854,23.98692380462475,24.641986363842143,23.40058187874751,25.723063654815515,24.35615678087793,
BR,3880700000.0,4362200000.0,482100000.0,1787500000.0,1094300000.0,652700000.0,476600000.0,17614247984.0,,0.4606127760455588,0.11051762871945349,0.44055560632367724,22.079281386938057,22.19624235443127,21.304083833091877,19.982188124727113,23.5919739560883,20.813380727302498,
BRO,7622821000.0,2392171000.0,398514000.0,2095906000.0,3000568000.0,,542174000.0,12475231637.0,,0.2749514910556079,0.16659093350767984,0.13281285409962382,22.7544123482391,21.595467159191976,21.463251755548413,20.111097542938545,23.24701104658796,21.82206744135983,
BSX,30777000000.0,10735000000.0,,,,1518000000.0,217000000.0,60600000000.0,,,,,24.150033494752588,23.09677526837031,,19.19540791611303,24.827560730038183,,
BWA,9702000000.0,10168000000.0,746000000.0,,6428000000.0,1303000000.0,1650000000.0,11600000000.0,,,0.07336742722265932,0.11605476042314873,22.995597886872506,23.042511370931912,,21.22404112546496,23.174270935144936,22.58392928497725,
BX,26269252000.0,7338270000.0,2049682000.0,7855601000.0,6652043000.0,,1999484000.0,66400000000.0,,0.29904167046705404,0.2793140617611508,0.3081281946012676,23.991664966732582,22.71636895710583,22.784492617630356,21.41615498471876,24.918962893443858,22.618189862627816,
BXP,22858190000.0,2960562000.0,521534000.0,3300000000.0,5996083000.0,,543359000.0,17851769904.0,,0.14436838612331074,0.17616047223466355,0.08697911619969237,23.852575314619312,21.808644952462966,21.917188305721876,20.11328080308544,23.60536849459833,22.51437225981944,
CARR,25093000000.0,18608000000.0,,,,2491000000.0,952000000.0,42100000000.0,,,,,23.945854759766345,23.64685743277646,,20.67407559380606,24.4633135776585,,
CAT,78324000000.0,53800000000.0,,,,8290000000.0,9352000000.0,118100000000.0,,,,,25.08411990640026,24.70853930413274,,22.95885606122311,25.494797560158194,,
CBRE,18039143000.0,23894091000.0,1282357000.0,,7078326000.0,1259875000.0,1896188000.0,27800000000.0,,,0.05366837349033282,0.18116670523510786,23.615809844964662,23.896897026863527,,21.363111392509115,24.048301857678975,22.680303276158845,
CCI,38768000000.0,5763000000.0,,20629000000.0,,1559000000.0,196000000.0,84000000000.0,,0.5321141147338011,,,24.380861001046377,22.474724009574462,23.749963689805757,19.093625222296833,25.15408263580163,,
CCL,45058000000.0,20825000000.0,2990000000.0,,24443000000.0,3276000000.0,9513000000.0,25200000000.0,,,0.14357743097238895,0.12232541013787178,24.531216385723557,23.759420025047337,,22.97592512127585,23.95010983150347,23.919609713348436,
CDAY,6701300000.0,824100000.0,78700000.0,,1615500000.0,72300000.0,188200000.0,13342100000.0,,,0.09549811916029607,0.04871556793562365,22.625567374521946,20.52980244094706,,19.05301579042905,23.314190286408763,21.20291034384783,
CDNS,3950785000.0,2336319000.0,988979000.0,,1288401000.0,491796000.0,533298000.0,38179000000.0,,,0.42330649196449627,0.7676018568753051,22.09718013054475,21.571842451236368,,20.094590927204532,24.36555146320378,20.976667752353645,
CDW,9344700000.0,18032400000.0,736800000.0,,975200000.0,1133600000.0,1410200000.0,24115000000.0,,,0.04085978571903906,0.7555373256767842,22.958075174716914,23.61543597683941,,21.066997375958334,23.906099890508813,20.698153137156766,
CE,10909000000.0,6297000000.0,852000000.0,3671000000.0,2507000000.0,834000000.0,955000000.0,16818745123.0,,0.33651113759281326,0.13530252501191042,0.33984842441164737,23.1128539736537,22.563339166611822,22.023729941733514,20.677221899492125,23.54575988252492,21.64235265652145,
CF,12023000000.0,4590000000.0,,3961000000.0,2922000000.0,1003000000.0,,11001041821.0,,0.3294518838892123,,,23.210087319022357,22.24714586123673,22.099762355838653,,23.121255816350878,21.79553415061715,
CHD,6657400000.0,4357700000.0,615900000.0,1812500000.0,2453800000.0,840200000.0,183100000.0,20200000000.0,,0.27225343227085647,0.14133602588521468,0.2509984513815307,22.61899485503636,22.195210232411878,21.31797294524483,19.025543015106237,23.728948441403077,21.620903680728887,
CHRW,4641060000.0,15309508000.0,576968000.0,1093301000.0,1595087000.0,789976000.0,243796000.0,12367912086.0,,0.23557139963715185,0.03768690672489279,0.3617156932505876,22.25820862558557,23.45173991030604,20.81246739798099,19.311842372087746,23.23837122066466,21.19019411777714,
CHTR,144206000000.0,45764000000.0,1668000000.0,82752000000.0,23805000000.0,6511000000.0,1001000000.0,90200000000.0,,0.5738457484431994,0.03644786294904292,0.07006931316950221,25.69450866981513,24.54676359280696,25.139114020107886,20.724265338278496,25.225295264026077,23.8931614796349,
CINF,27542000000.0,7924000000.0,1997000000.0,788000000.0,9864000000.0,,784000000.0,18398492958.0,,0.028610848885338755,0.25201918223119635,0.20245336577453366,24.038977949287652,22.793161965908915,20.48500864909119,20.47991957959019,23.635534593804827,23.012157602909834,
CMA,88129000000.0,749000000.0,,5728000000.0,,,4561000000.0,9400000000.0,,0.06499563140396464,,,25.202067487131014,20.434249542816605,22.468632266779338,22.240807734895224,22.963975526328753,,
CME,124659600000.0,4868000000.0,2116500000.0,,26319900000.0,2587800000.0,1551400000.0,76000000000.0,,,0.43477814297452755,0.08041443926458687,25.54885265960225,22.305949012277114,,21.162423586665625,25.0539991772459,23.993591144042206,
CMG,5982896000.0,5586369000.0,350158000.0,0.0,1441339000.0,443958000.0,607987000.0,35159000000.0,,0.0,0.0626807860347213,0.24293937789791298,22.51217056878638,22.44359536046882,0.0,20.225664059767677,24.28314646797667,21.0888383802862,
COST,45400000000.0,152703000000.0,3659000000.0,7657000000.0,18284000000.0,4737000000.0,6055000000.0,155810963274.0,,0.16865638766519825,0.023961546269555937,0.2001203237803544,24.53877794201574,25.751760695349983,22.758886099208,22.52415021411662,25.771909335526118,23.6292921974706,
CPRT,2547617000.0,2041957000.0,,400000000.0,,716475000.0,,22942885751.0,,0.1570094719889214,,,21.658424249778832,21.43717449917041,19.806975107572256,,23.85627373637683,,
CSCO,94853000000.0,51904000000.0,11621000000.0,14583000000.0,43204000000.0,14219000000.0,11809000000.0,189000000000.0,,0.15374316046935785,0.22389411220715166,0.2689797240996204,25.27559416172551,24.672661695458626,23.40312230374641,23.192127789650236,25.965012852011345,24.489198920525784,
CSX,39793000000.0,11937000000.0,3331000000.0,,,4965000000.0,3129000000.0,72000000000.0,,,0.2790483371031247,,24.406956854396352,23.202908657143084,,21.863979301952746,24.999931955976354,,
CTAS,7436662000.0,6892303000.0,884981000.0,2539705000.0,3016526000.0,1133534000.0,145402000.0,37301430580.0,,0.3415114200430247,0.128401348576811,0.29337754754973105,22.729687929335725,22.653671118807047,21.655313769893347,18.79501288500476,24.342297516238727,21.827371675400183,
CTSH,16923000000.0,16783000000.0,1842000000.0,,11424000000.0,2453000000.0,2680000000.0,36400000000.0,,,0.1097539176547697,0.16123949579831934,23.55193948043145,23.543632306332036,,21.70908263184231,24.31783461161658,23.158982242631176,
CTXS,4890347000.0,3010564000.0,681813000.0,1732622000.0,551519000.0,536118000.0,752895000.0,14547658160.0,,0.35429428627457316,0.2264735112756281,1.2362457141095773,22.31052909926525,21.825393273902062,21.272901705596645,20.43943633513833,23.400695866475868,20.128186849373485,
CZR,36385000000.0,2528000000.0,81000000.0,14323000000.0,5016000000.0,410000000.0,206000000.0,21100000000.0,,0.39365122990243234,0.032041139240506326,0.016148325358851676,24.317422438772944,21.65069431362659,23.385132473813957,19.143386731608224,23.772538877475824,22.335898640476394,
DFS,112889000000.0,11993000000.0,2957000000.0,,11130000000.0,,6924000000.0,35541332579.0,,,0.24656049362127908,0.2656783468104223,25.449670872008962,23.207588983279376,,22.6582594744048,24.293962154186644,23.13291000232371,
DG,25862624000.0,27753973000.0,1712555000.0,4130975000.0,6417393000.0,2302304000.0,1376577000.0,54200000000.0,,0.15972760536595204,0.061704859336715503,0.26686148097833495,23.976064674632003,24.046644838098043,22.14177929378136,21.04286582068451,24.715946745410463,22.582277797567066,
DGX,14026000000.0,7726000000.0,858000000.0,4015000000.0,6759000000.0,1231000000.0,1158000000.0,16100000000.0,,0.2862540995294453,0.11105358529640176,0.12694185530403906,23.364178587132425,22.767857101319933,22.1133031845942,20.869960216960774,23.50208510899894,22.63414078721258,
DHI,18912300000.0,17592900000.0,1618500000.0,,11840000000.0,,3018500000.0,32000000000.0,,,0.09199733983595655,0.13669763513513514,23.66307834104132,23.590761248565112,,21.828025856532044,24.18900173977739,23.19474946648673,
DIS,201549000000.0,69607000000.0,11054000000.0,58628000000.0,83583000000.0,14847000000.0,5418000000.0,343000000000.0,,0.2908870795687401,0.15880586722599738,0.13225177368603663,26.029298364954236,24.9661309739565,24.794478235128523,22.412992580793883,26.560996284115266,25.149105987088465,
DISH,38239947000.0,12807684000.0,,,13780155000.0,1878876000.0,3370092000.0,10400000000.0,,,,,24.36714653917154,23.27331114033459,,21.938205880938042,23.065071643189892,23.346495350727007,
DLTR,20696000000.0,23610800000.0,827000000.0,,5642900000.0,1262200000.0,1416700000.0,22404353447.0,,,0.03502634387653108,0.14655584894291943,23.75320628187846,23.88497007145962,,21.071596061055445,23.832521127280963,22.453663954883254,
DOV,9152074000.0,7136397000.0,677918000.0,3108829000.0,,974894000.0,,21609554242.0,,0.33968573680676095,0.09499443486678222,,22.937246357324764,22.688473864224836,21.857511965223814,,23.796401379904008,,
DOW,61470000000.0,42951000000.0,,16951000000.0,13541000000.0,,2367000000.0,47100000000.0,,0.2757605335936229,,,24.841815087881596,24.483325768015995,23.553592666141753,21.584889167900734,24.575538837990013,23.32898795702095,
DRE,9111394000.0,973759000.0,,3385051000.0,5162972000.0,524761000.0,6309000.0,18010000000.0,,0.3715184526099958,,,22.93279155528268,20.696674398752208,21.942634809962286,15.657487901856658,23.6141929961898,22.36477821981934,
DRI,9946100000.0,8510400000.0,713400000.0,928800000.0,2194800000.0,832500000.0,763300000.0,14279051000.0,,0.09338333618202109,0.08382684715172024,0.32504100601421543,23.020446351582137,22.86455478206983,20.649403989424613,20.453161698078798,23.382059335136912,21.509356763604718,
DUK,158838000000.0,24348000000.0,3748000000.0,59863000000.0,47964000000.0,5709000000.0,259000000.0,75871309901.0,,0.37688084715244463,0.15393461475275177,0.07814193978817446,25.79115065184966,23.91571554761916,24.815324455071384,19.372338623524815,25.05230445123237,24.593716566484446,
DVA,16988516000.0,11388479000.0,810981000.0,,1383566000.0,1643317000.0,324958000.0,12700000000.0,,,0.07121065069356496,0.5861527386478129,23.555803423376922,23.155868067384898,,19.599206504251086,23.264867830489695,21.047930061871945,
DXC,26006000000.0,20753000000.0,1257000000.0,,4785000000.0,3269000000.0,3679000000.0,4531553903.0,,,0.0605695562087409,0.2626959247648903,23.981593117613993,23.75595665153412,,22.02590681334086,22.234330742787236,22.288751862060316,
DXCM,4290500000.0,1476000000.0,101100000.0,,663300000.0,142300000.0,446200000.0,41100000000.0,,,0.0684959349593496,0.1524197195838987,22.179669113444522,21.112601563802198,,19.916277842203854,24.43927395847293,20.312737936003398,
EBAY,19310000000.0,7429000000.0,1786000000.0,7740000000.0,2870000000.0,1770000000.0,1101000000.0,46329747291.0,,0.40082858622475404,0.24040920716112532,0.6222996515679442,23.68388893343862,22.72865709725069,22.769667524677246,20.819484695595218,24.559050081838183,21.777577867066373,
ECL,18126000000.0,12562000000.0,,,6166500000.0,1845200000.0,1260200000.0,58664362024.0,,,,,23.620613208634172,23.253942221058207,,20.954536276265753,24.795098258880056,22.542397253132485,
ETN,32805000000.0,21390000000.0,2211000000.0,8057000000.0,14930000000.0,,438000000.0,59100000000.0,,0.24560280445054108,0.10336605890603086,0.1480910917615539,24.213846779773736,23.786189360087477,22.809807115865585,19.897729470623826,24.802496761375384,23.42663844856449,
GLW,28898000000.0,11503000000.0,960000000.0,,13257000000.0,1306000000.0,,35000000000.0,,,0.08345648961140573,0.07241457343290338,24.087038225552437,23.165873707947217,,,24.278613898464396,23.307791551838555,
GM,228037000000.0,137237000000.0,6732000000.0,,45030000000.0,5481000000.0,19992000000.0,85800000000.0,,,0.049053826591954064,0.14950033311125915,26.152773733440903,25.64497519518885,,23.718598030529083,25.175284843451983,24.5305947712821,
GOOGL,319616000000.0,161857000000.0,34343000000.0,15440000000.0,177628000000.0,34231000000.0,26465000000.0,1451100000000.0,,0.048307969563476175,0.2121811228430034,0.1933422658589862,26.490386112166792,25.80997906631236,23.460227381607808,23.999088942294147,28.003343005444147,25.902957312741105,
GS,1163028000000.0,36546000000.0,8466000000.0,,90265000000.0,,130547000000.0,127400000000.0,,,0.23165325890658348,0.09379050573311914,27.782048064842503,24.321837578056176,,25.59499915213391,25.570597580092322,25.22601562534611,
HD,70581000000.0,110225000000.0,11242000000.0,36400000000.0,-3116000000.0,15843000000.0,7895000000.0,346500000000.0,,0.5157195279182782,0.10199138126559311,-3.6078305519897302,24.98002682342697,25.425789568199484,24.31783461161658,22.78949548478068,26.571148655579254,-21.859815965275835,
HSY,9131845000.0,7986252000.0,1149692000.0,,2234352000.0,1595952000.0,,25257103284.0,,,0.14395889335823614,0.514552765186506,22.935033592298648,22.800987400436437,,,23.95237327132305,21.52721709053493,
JNJ,174894000000.0,82059000000.0,15119000000.0,34434000000.0,,,13985000000.0,445000000000.0,,0.1968849703248825,0.1842454819093579,,25.88744591307092,25.13070433769317,24.262310285329733,23.361251163671838,26.821340119114897,,
JPM,2686477000000.0,115720000000.0,36431000000.0,,261330000000.0,,,461141177226.0,,,0.3148202557898375,0.13940611487391422,28.619251785753868,25.474439317062988,,,26.85697007433409,26.289049813449147,
KMX,21082182000.0,18173100000.0,842413000.0,14944055000.0,,,46938000.0,17553869713.0,,0.7088476420514727,0.046354942194782395,,23.771694065746605,23.623208315754216,23.427579398899894,17.66433816119997,23.588540259076716,,
KO,87296000000.0,37266000000.0,8920000000.0,40610000000.0,19299000000.0,10086000000.0,6480000000.0,232023179143.0,,0.46519886363636365,0.23936027478130198,0.46220011399554384,25.19257047973881,24.341347219778466,24.427280178669243,22.591986347464914,26.17010311372549,23.683319118095202,
LDOS,12511000000.0,11094000000.0,667000000.0,,3862000000.0,912000000.0,668000000.0,14463896796.0,,,0.060122588786731566,0.1727084412221647,23.249874094361605,23.12967025866959,,20.319798732997924,23.394921505407613,22.07445102121167,
LEG,4855400000.0,4813000000.0,314000000.0,,1424600000.0,,348900000.0,6768211000.0,,,0.06523997506752545,0.2204127474378773,22.303357324791236,22.294586427475153,,19.670295909023153,22.63550263503505,21.07715691021048,
LIN,88229000000.0,28228000000.0,2285000000.0,12903000000.0,47317000000.0,2933000000.0,3754000000.0,149000000000.0,,0.14624443210282334,0.08094799489868217,0.04829131179068834,25.203201544114155,24.063580230120422,23.28072567949362,22.04608777537711,25.727212142898583,24.580135475927662,
LKQ,12779956000.0,12506109000.0,541260000.0,,5655718000.0,896643000.0,,14500000000.0,,,0.043279648370248495,0.09570137690740592,23.27114384308862,23.249483081949904,,,23.397414486441907,22.45593290591723,
LNT,16701000000.0,3648000000.0,567000000.0,,5688000000.0,778000000.0,54000000.0,13900000000.0,,,0.15542763157894737,0.09968354430379747,23.538734434875767,22.01744490943262,,17.804494623047066,23.355154677155,22.46162452962316,
LOW,46735000000.0,72148000000.0,4281000000.0,24285000000.0,1437000000.0,6314000000.0,4690000000.0,134800000000.0,,0.5196319674761956,0.059336364140378114,2.979123173277662,24.567759185602355,25.001985401768223,23.913124712785297,22.26869841961782,25.627058035432036,21.085823444739194,
LRCX,14559047000.0,9653559000.0,2191430000.0,5795478000.0,6501851000.0,2464732000.0,3658219000.0,53314078151.0,,0.3980671262342927,0.22700746947317565,0.33704709628073604,23.401478424344774,22.99059249269799,22.48034379540976,22.020242254177134,24.69946626367343,22.595352742693514,
LUMN,59394000000.0,21458000000.0,-5269000000.0,,13470000000.0,-2726000000.0,1690000000.0,14900000000.0,,,-0.2455494454282785,-0.39116555308092055,24.807459048128973,23.789363373207568,,21.247994366473108,23.42462704996494,23.323730827442922,
LYV,10589303000.0,11547969000.0,69889000.0,,-471772000.0,324844000.0,2537787000.0,12700000000.0,,,0.006052059890358209,-0.1481414751193373,23.08311017767983,23.169775414382567,,21.654558278760923,23.264867830489695,-19.972006378115395,
MAR,24701000000.0,20972000000.0,1273000000.0,143000000.0,2225000000.0,1800000000.0,877000000.0,37430276528.0,,0.005789239302052549,0.06069998092695022,0.5721348314606741,23.93010956563126,23.76645405170438,18.778355195217188,20.592017551476708,24.345745746732867,21.523022753014054,
MAS,5027000000.0,6707000000.0,935000000.0,2795000000.0,195000000.0,1088000000.0,1326000000.0,14501171300.0,,0.5559976128903918,0.13940659012971524,4.794871794871795,22.338089221855775,22.62641759421311,21.751097943911255,21.00543272946423,23.397495262489773,19.088510121656228,
MCHP,17426100000.0,5349500000.0,355900000.0,9482200000.0,3279800000.0,714300000.0,401000000.0,26200000000.0,,0.5441378162641096,0.0665295822039443,0.10851271418988963,23.581234919348017,22.40026893572987,22.97268219390585,19.80947198776461,23.98902524775163,21.911048282178516,
MCK,61247000000.0,214319000000.0,34000000.0,7387000000.0,5092000000.0,886000000.0,2981000000.0,23900000000.0,,0.12060998906068869,0.00015864202427222972,0.006677140612725845,24.838180705596198,26.090731396256427,22.722987535628384,21.815524651977803,23.897144295925717,22.350936517837958,
MCO,12409000000.0,4829000000.0,1422000000.0,6422000000.0,1569000000.0,1998000000.0,2597000000.0,68000000000.0,,0.5175276009348054,0.29447090494926487,0.9063097514340345,23.24168785281948,22.297905244044898,22.582995432769447,21.677622770012082,24.942773542137225,21.173704311334657,
MDLZ,64515000000.0,25868000000.0,3929000000.0,,27578000000.0,3843000000.0,,85800000000.0,,,0.15188650069584042,0.14246863441873958,24.890163591865722,23.976272520569417,,,25.175284843451983,24.04028419040222,
MDT,90689000000.0,30557000000.0,4631000000.0,,50737000000.0,6268000000.0,4140000000.0,135300000000.0,,,0.1515528356841313,0.09127461221593709,25.230701907782077,24.142859628919442,,22.14396162502518,25.630760372130545,24.64992126443858,
MET,795146000000.0,69620000000.0,5899000000.0,,74558000000.0,,19795000000.0,51500000000.0,,,0.08473139902326918,0.07911961157756378,27.40179158253955,24.96631771934407,,23.70869521755502,24.66484764463552,25.034843182943053,
META,159316000000.0,70697000000.0,18485000000.0,,84127000000.0,23986000000.0,19079000000.0,857000000000.0,,,0.2614679547929898,0.2197273170325817,25.794155488247462,24.981668976148075,,23.671854090744,27.47670375554536,25.155593398786205,
MGM,36494934000.0,12899672000.0,2049146000.0,12376684000.0,6504726000.0,3940215000.0,5101637000.0,17500000000.0,,0.3391343028596791,0.15885256617377558,0.31502418395486603,24.32043929340886,23.280467721711716,23.23908021703189,22.35282730576168,23.585466717933024,22.59579482673244,
MHK,13386680000.0,9970672000.0,744211000.0,2333402000.0,8534316000.0,827224000.0,768625000.0,10870920591.0,,0.17430774471340169,0.07464000420433047,0.08720218468591977,23.317526019751917,23.022913820955644,21.57059312590059,20.46011376353893,23.1093572255698,22.86736104950102,
MKC,10362100000.0,5347400000.0,702700000.0,4017700000.0,3926100000.0,957700000.0,96600000.0,23764539252.0,,0.38773028633192114,0.13140965702958446,0.17898168666106315,23.061420756035538,22.399876298605733,22.11397543678861,18.386089309534714,23.891460359195577,22.090912403948526,
MKTX,1331429000.0,511352000.0,204902000.0,,607878000.0,250882000.0,460858000.0,15300000000.0,,,0.40070636274034327,0.33707750568370626,21.00951863922803,20.052568758379657,,19.94860052965066,23.45111866541016,20.225484763546284,
MMC,31357000000.0,16652000000.0,1742000000.0,11313000000.0,,2677000000.0,1155000000.0,53818358381.0,,0.36078068692795867,0.10461205861157818,,24.16870336461918,23.535796166339193,23.149218343979136,20.867366181785968,24.708880479773285,,
MNST,6202716000.0,4200819000.0,,,3610901000.0,1402939000.0,1180413000.0,43749615959.0,,,,,22.548253097752557,22.158545343463754,,20.889130215035433,24.501748671654365,22.00722316291465,
MO,47414000000.0,25110000000.0,-1293000000.0,29471000000.0,2839000000.0,10326000000.0,2117000000.0,88000000000.0,,0.6215674695237694,-0.05149342891278375,-0.4554420570623459,24.582183380708543,23.946532010155728,24.106672565967273,21.473265829571506,25.200602651435982,21.766717714789483,
MPC,85158000000.0,111148000000.0,2637000000.0,,22199000000.0,4462000000.0,415000000.0,38500000000.0,,,0.023725123259077985,0.11878913464570476,25.16777419150333,25.43412848350152,,19.843789080604612,24.373924078266125,23.823313079810088,
MPWR,1208491000.0,627921000.0,108839000.0,,640093000.0,102562000.0,334944000.0,12700000000.0,,,0.17333231409683703,0.17003622911045738,20.912638311658903,20.257924921933682,,19.62947391462232,23.264867830489695,20.277124037823427,
MRK,91588000000.0,39121000000.0,9843000000.0,,25317000000.0,,8050000000.0,196870000000.0,,,0.2516039978528156,0.38879014101196824,25.24056609568878,24.389925244184067,,22.808937928501106,26.005809449383488,23.95474194382985,
MRNA,7337000000.0,60000000.0,-514000000.0,,1530000000.0,-546000000.0,236000000.0,80800000000.0,,,-8.566666666666666,-0.3359477124183007,22.716195876814563,17.909855136853043,,19.279342367227173,25.115242802485838,21.14853357300435,
MRO,20245000000.0,5190000000.0,480000000.0,5404000000.0,,636000000.0,742000000.0,10705000000.0,,0.2669301061990615,0.09248554913294797,,23.73117368647993,22.369999534316886,22.41040525722941,20.424859802479364,23.09397675908147,,
MSCI,4198647000.0,1557796000.0,563648000.0,3366777000.0,-166494000.0,755701000.0,1300521000.0,43427568686.0,,0.8018718887298694,0.36182401290027705,-3.385395269499201,22.158028167717607,21.166537839365045,21.937221744162763,20.986030791127057,24.494360299586674,-18.930469836705644,
MSFT,301311000000.0,125843000000.0,39240000000.0,63327000000.0,102330000000.0,42959000000.0,13576000000.0,1700000000000.0,,0.2101715503250794,0.3118171054409065,0.3834652594547054,26.431408790882895,25.558300935216785,24.871577615454246,23.331569364951996,28.161649366991305,25.351468722054847,
MSI,10642000000.0,7887000000.0,868000000.0,,-558000000.0,1581000000.0,1254000000.0,33200000000.0,,,0.1100545200963611,-1.5555555555555556,23.088074273214556,22.788481671489055,,20.94960427995459,24.225815712898974,-20.1398695221377,
MTB,142601105000.0,6191943000.0,1929149000.0,4382193000.0,15460191000.0,,,18124066420.0,,0.03073042807066607,0.3115579390830956,0.1247817054782829,25.683317093851702,22.54651476792661,22.200815121193592,,23.62050652855368,23.461534234557185,
MTCH,3046454000.0,2051258000.0,,3840930000.0,-1414417000.0,645454000.0,186947000.0,44438964739.0,,1.2607871315306254,,,21.837244128572806,21.441719100909413,22.06898036198374,19.04633571753634,24.517382505766925,-21.069983269713198,
MTD,2789321000.0,3008652000.0,561109000.0,1284174000.0,590063000.0,,178110000.0,32000000000.0,,0.4603894639591499,0.18649847174083278,0.9509306633359489,21.749064034343483,21.82475797519749,20.97338154783039,18.997911900529477,24.18900173977739,20.195739870519247,
MU,53678000000.0,23406000000.0,6313000000.0,5968000000.0,38996000000.0,7376000000.0,7624000000.0,79900000000.0,,0.11118148962330936,0.2697171665384944,0.16188839881013437,24.706269071110235,23.87625823674171,22.50967770001543,22.754567003429475,25.104041689731154,24.38672491373908,
NCLH,18399317000.0,6462376000.0,930228000.0,,5963001000.0,1178077000.0,3300482000.0,10800000000.0,,,0.14394519910324005,0.1559999738386762,23.635579381361534,22.589262889130726,,21.91733435566208,23.102811971169178,22.50883971495589,
NDAQ,17979000000.0,4258000000.0,774000000.0,4944000000.0,6433000000.0,1017000000.0,332000000.0,21000000000.0,,0.2749874853996329,0.1817754814466886,0.12031711487641847,23.612470247146188,22.17206540365255,22.321440557304065,19.620645529892812,23.767788274717454,22.584706829530724,
NEE,117691000000.0,17500000000.0,3769000000.0,,36513000000.0,5353000000.0,1105000000.0,143450834024.0,,,0.21537142857142857,0.10322350943499575,25.491328382707014,23.585466717933024,,20.823111172821104,25.68925819340359,24.320934198534328,
NI,22659800000.0,5053400000.0,383100000.0,,5752200000.0,890700000.0,139300000.0,9579675045.0,,,0.07581034550995369,0.06660060498591844,23.84385826642612,22.34332712121553,,18.752140445928784,22.98290950831213,22.472848227449127,
NLOK,7735000000.0,2456000000.0,31000000.0,4221000000.0,5023000000.0,158000000.0,2177000000.0,6903176338.0,,0.5457013574660633,0.012622149837133551,0.006171610591280112,22.769021321100723,21.621799847638474,22.163337903983685,21.50121361965817,22.655247481611646,22.337293201913404,
NLSN,14135000000.0,3441000000.0,-415000000.0,6862000000.0,2051000000.0,870000000.0,500000000.0,8788000000.0,,0.4854616200919703,-0.12060447544318512,-0.2023403217942467,23.37191982816271,21.959027964052368,22.649264781528398,20.030118658386467,22.896652991582567,21.441593316524223,
NOC,44469000000.0,33841000000.0,2248000000.0,12783000000.0,8819000000.0,3969000000.0,1579000000.0,58200000000.0,,0.28745867907980843,0.06642829703613959,0.2549041841478626,24.51805815416873,24.24493892210479,23.271382000210526,21.18005757285323,24.787151191700985,22.900174321965846,
NOW,8715000000.0,3460000000.0,626698000.0,,1110000000.0,42000000.0,776000000.0,82900000000.0,,,0.18112658959537573,0.5645927927927928,22.88831151603314,21.96453442630506,,20.469663079436152,25.140900899099723,20.827625853171554,
NSC,37962000000.0,11296000000.0,2722000000.0,,15362000000.0,3989000000.0,1115000000.0,65486012788.0,,,0.24097025495750707,0.1771904699908866,24.359851496365554,23.147714517785825,,20.832120242755355,24.905102411577488,23.455162764587996,
NTAP,7522000000.0,6146000000.0,1169000000.0,1146000000.0,2276000000.0,1221000000.0,2658000000.0,5651372914.0,,0.15235309758043072,0.19020501138952164,0.5136203866432337,22.7410978971275,22.53906730081741,20.85954345611156,21.70083979761369,22.455164346391857,21.545685353649862,
NUE,18344666000.0,22588858000.0,1271143000.0,,10788665000.0,,2639671000.0,28210000000.0,,,0.056273008577945816,0.11782208456746039,23.632604688046623,23.84072261285054,,21.693920125505482,24.062942361995763,23.101761882982572,
NVDA,17315000000.0,11716000000.0,4141000000.0,1991000000.0,7471000000.0,3804000000.0,10896000000.0,241210000000.0,,0.11498700548657234,0.35344827586206895,0.554276535938964,23.57483901485855,23.18422126599725,21.41190286253073,23.111661586445344,26.20893376031399,22.734294696073928,
NVR,5777141000.0,7388664000.0,878539000.0,,1808562000.0,,,16843142000.0,,,0.11890363399932653,0.4857665924640681,22.477174760752515,22.72321277085393,,,23.547209407988607,21.315797891876322,
NWL,14700000000.0,9715000000.0,107000000.0,,3874000000.0,-482000000.0,981000000.0,11600000000.0,,,0.011013896037056098,0.027620030975735673,23.41111333079913,22.99693691987875,,20.704083018549007,23.174270935144936,22.077553402189345,
NWSA,14261000000.0,10074000000.0,155000000.0,1259000000.0,7582000000.0,,1517000000.0,,,0.08828272912138,0.015386142545165774,0.020443154840411502,23.380794375771163,23.033223684369137,20.953583592802904,21.140000537972004,,22.749042854172444,
NXPI,19847000000.0,8877000000.0,243000000.0,10650000000.0,8944000000.0,641000000.0,2275000000.0,54700000000.0,,0.5366050284677785,0.027374112875971614,0.027169051878354205,23.711318699206917,22.906729499145243,23.088825729195744,21.545245889788884,24.72512954639263,22.91424875347096,
ODFL,4369410000.0,4109111000.0,615518000.0,,2680483000.0,818706000.0,401430000.0,24053489079.0,,,0.14979347114254155,0.22962951080085195,22.19789382572626,22.136472540598167,,19.810543732440376,23.90354589906714,21.709262839484467,
ORLY,11596642000.0,10149985000.0,1391042000.0,,353667000.0,1920726000.0,465640000.0,32941377581.0,,,0.13704867544139226,3.933197046939635,23.17398141047812,23.040738064699127,,19.958923363491895,24.21799538176861,19.68386635324429,
PAYX,8550700000.0,3772500000.0,,796800000.0,2356800000.0,1371300000.0,673600000.0,29976304817.0,,0.09318535324593308,,,22.86927898800578,22.051003748871356,20.496114265489684,20.328147022376953,24.123673067121086,21.580570604096945,
PCAR,28361100000.0,25599700000.0,2387900000.0,,9706100000.0,,,30450000000.0,,,0.09327843685668191,0.2460205437817455,24.06828432491738,23.965846469652327,,,24.13935183113516,22.99602039088481,
PENN,14194500000.0,5301400000.0,43900000.0,2840500000.0,2656200000.0,571900000.0,437400000.0,11800000000.0,,0.20011271971538272,0.008280831478477383,0.016527369926963333,23.37612040265112,22.391236773754795,21.767245930313507,19.89635866849318,23.191365368502776,21.700162367306902,
PEP,92918000000.0,67161000000.0,7314000000.0,43728000000.0,13454000000.0,10291000000.0,8185000000.0,203900000000.0,,0.470608493510407,0.10890248805110109,0.5436301471681284,25.25498322073622,24.930358558875156,24.501254466154993,22.825569047891683,26.040895514531726,23.322542296624153,
PFE,154229000000.0,40905000000.0,16026000000.0,,63238000000.0,,1786000000.0,223000000000.0,,,0.3917858452511918,0.25342357443309405,25.761704347844535,24.43451814193652,,21.30324431996063,26.130437608411015,24.87017122324995,
PFG,296627700000.0,16222100000.0,1394200000.0,4279200000.0,16558900000.0,,2849800000.0,17000000000.0,,0.014426164515316675,0.08594448314336615,0.0841964140130081,26.415743654066308,23.509640347105215,22.177031913415004,21.770514653676866,23.55647918106145,23.530189558636895,
PGR,64098300000.0,39022300000.0,3970300000.0,,13673200000.0,,,56938339392.0,,,0.10174438718373853,0.2903709446215955,24.883683679476103,24.38739911456108,,,24.76523475421577,23.338703549607317,
PH,17732028000.0,14320324000.0,1524516000.0,7738285000.0,6227224000.0,2236239000.0,685514000.0,34984991426.0,,0.4364015779808153,0.10645820583389035,0.24481470395155208,23.59863833295046,23.384945623991108,22.769445923898246,20.345679481265723,24.278184990096364,22.552196484728672,
PKG,7235800000.0,6964300000.0,696400000.0,2493700000.0,3246300000.0,1053700000.0,974600000.0,12670117556.0,,0.3446336272423229,0.09999569231652858,0.21452114715214243,22.702306764655802,22.66406293675849,21.63703338867714,20.69753768939974,23.262512109610526,21.90078172351803,
PKI,7960315000.0,2883673000.0,227558000.0,4983977000.0,2584955000.0,361973000.0,191877000.0,17332583779.0,,0.6261029871305344,0.07891255353849067,0.08803170654808304,22.797734409009664,21.782330666098794,22.329494003854304,19.072365104915853,23.575854022463165,21.672973937018345,
PLD,56065005000.0,3330621000.0,1572959000.0,16849076000.0,31971547000.0,1849766000.0,343856000.0,87997816686.0,,0.30052750374319953,0.47227198771640483,0.04919871409412876,24.749777658059287,21.92642461033905,23.547561655505287,19.65573352595532,25.200577840741836,24.188112187993518,
PM,44815000000.0,29805000000.0,7185000000.0,,-12567000000.0,10531000000.0,7280000000.0,154000000000.0,,,0.24106693507800706,-0.5717354977321556,24.52580874177805,24.11794200165185,,22.70839669929237,25.760218439366533,-23.25434016765899,
PNR,4139500000.0,2957200000.0,355700000.0,839600000.0,,432500000.0,,11084021014.0,,0.20282642831259814,0.12028269985121061,,22.14384084478471,21.807508711985378,20.548436147101796,,23.12877035992153,,
PNW,20020421000.0,3471209000.0,,,5633503000.0,671960000.0,59968000.0,9024891205.0,,,,,23.72001863963336,21.967768785496446,,17.90932166125579,22.923252286355854,22.451997288274487,
POOL,1739670000.0,3199517000.0,261575000.0,,223590000.0,341246000.0,,17838608341.0,,,0.08175452732396796,1.1698868464600385,21.27696127758844,21.88626569817243,,,23.604630953320086,19.225324579998457,
PPG,17708000000.0,15146000000.0,1243000000.0,5334000000.0,5689000000.0,2271000000.0,1826000000.0,40246000000.0,,0.30121978766659135,0.08206787270566486,0.21849182633151695,23.597282351872778,23.441002307704068,22.39736726289371,21.325393619666833,24.418276457015434,22.4618003228907,
PRU,940722000000.0,64807000000.0,4186000000.0,,67425000000.0,,16327000000.0,39630000000.0,,,0.064591787924144,0.06208379681127178,27.5699135024915,24.894679459177183,,23.516086016151686,24.40285224417399,24.934281705987036,
PSA,11816546000.0,2855108000.0,1520534000.0,2544992000.0,8558867000.0,,361218000.0,45156391000.0,,0.2153752881764265,0.5325661936431126,0.1776559911492958,23.19276658972334,21.77237550806044,21.657393343918418,19.704992214920892,24.53339765720184,22.870233658643482,
PTC,3382738000.0,1255631000.0,-27460000.0,1005314000.0,874589000.0,63042000.0,275458000.0,14486748642.0,,0.29718943648606544,-0.021869482355883218,-0.03139760504648469,21.9419512779877,20.950904072815234,20.72856576846458,19.43394572847512,23.396500181834245,20.58926462082926,
PVH,13631000000.0,9909000000.0,417300000.0,3554800000.0,4730300000.0,558700000.0,452000000.0,7462751957.0,,0.26078790991123174,0.04211323039660914,0.08821850622582077,23.33561244760848,23.016709272124093,21.991564640109903,19.929192740008894,22.733190078311246,22.277254462597526,
PWR,8398272000.0,12112153000.0,402044000.0,,4344181000.0,554874000.0,78687000.0,12500000000.0,,,0.033193438028730315,0.09254770922298126,22.85129180746695,23.217475165744677,,18.180988528207827,23.248994481334666,22.192103085606874,
PXD,19229000000.0,9325000000.0,773000000.0,3300000000.0,,,1442000000.0,39435041959.0,,0.17161578865255603,0.08289544235924932,,23.679685393166867,22.95596480258353,21.917188305721876,21.08929687650265,24.397920647825213,,
PYPL,70379000000.0,17772000000.0,2459000000.0,,20019000000.0,2719000000.0,7349000000.0,342200000000.0,,,0.13836371820841772,0.12283330835706079,24.97716076017113,23.600890022076342,,22.717830086629217,26.558661198407428,23.719947659585944,
QCOM,35594000000.0,24273000000.0,4386000000.0,15226000000.0,,7667000000.0,6707000000.0,149900000000.0,,0.42776872506602237,0.18069459893709058,,24.2954429213023,23.91263045848142,23.44627032989611,22.62641759421311,25.733234242061634,,
QRVO,6560682000.0,3090325000.0,133125000.0,1567231000.0,4775564000.0,216466000.0,711035000.0,14839992498.0,,0.23888232961146416,0.043077993414932084,0.027876288538903466,22.604360398065644,21.851542100642366,21.172576205537297,20.382232214403967,23.420591569227298,22.2867779192967,
RCL,32465187000.0,10950661000.0,1878887000.0,,11105461000.0,2082701000.0,3684474000.0,21700000000.0,,,0.1715774965547742,0.16918586270304312,24.20343418297036,23.116665656775133,,22.027393611829428,23.800578097538907,23.13070280635327,
REG,10936904000.0,1133138000.0,239430000.0,3923084000.0,5984912000.0,,,10800000000.0,,0.35870151187209837,0.2112981825691134,0.04000560075068773,23.115408595808294,20.84825661298727,22.090143916384044,,23.102811971169178,22.51250747259011,
REGN,17163300000.0,6557600000.0,2115800000.0,,8757300000.0,2209800000.0,1617800000.0,57065000000.0,,,0.3226485299499817,0.24160414739702876,23.566039220268046,22.60389051945559,,21.20433303916625,24.7674568059695,22.893153475321526,
RF,147389000000.0,79000000.0,1582000000.0,3569000000.0,15090000000.0,,,18795418440.0,,0.02421483285726886,20.025316455696203,0.10483764082173624,25.71634118705804,18.184958423089522,21.995551281734624,,23.65687897713585,23.437298109792437,
RHI,2557424000.0,6074432000.0,454433000.0,,1063198000.0,621751000.0,574426000.0,9676365011.0,,,0.07481078066229073,0.42742085669837604,21.66226633921949,22.527354324024056,,20.1688818410387,22.99295215242212,20.78454718518848,
RJF,47482000000.0,8023000000.0,1034000000.0,,7114000000.0,,3957000000.0,15122502109.0,,,0.12887947151938178,0.14534720269890358,24.583616528820947,22.805578253842572,,22.098751999602417,23.439449677472528,22.68533051061324,
RL,7279900000.0,6313000000.0,430900000.0,,3457400000.0,561800000.0,1620400000.0,3385000000.0,,,0.06825597972437827,0.12463122577659513,22.70838296293429,22.565876836490304,,21.205938869909943,21.94261974360607,21.963782698742197,
ROK,6113000000.0,6694800000.0,695800000.0,,1027800000.0,,1018400000.0,30800000000.0,,,0.10393140945211209,0.6769799571901148,22.533683488156587,22.624596942753126,,20.741498606189403,24.150780526958407,20.750686433495357,
ROL,1845900000.0,2015477000.0,203347000.0,,711908000.0,317394000.0,98477000.0,7888772207.0,,,0.10089274151974942,0.2856366272046388,21.33623280092057,21.424121729392137,,18.40533358649294,22.788706346006915,20.383459248949,
ROST,12717867000.0,16039073000.0,1660928000.0,2513085000.0,3305746000.0,,1351205000.0,42842208333.0,,0.1976027112093561,0.10355511194443719,0.5024366663379461,23.266273692196453,23.498293644759592,21.644776919448365,21.024262624605544,24.480789629610083,21.918928003690123,
SBAC,9158018000.0,2014645000.0,146991000.0,11095796000.0,-3376823000.0,583488000.0,108309000.0,34600000000.0,,1.2115936002746446,0.07296124131050384,-0.04352937657674092,22.937895616783226,21.42370883866009,23.129832134876455,18.500498820244317,24.267119519038992,-21.94020116388769,
SBUX,19219600000.0,26508600000.0,3599200000.0,15909500000.0,-7805100000.0,4077900000.0,8756300000.0,129300000000.0,,0.8277747715873379,0.1357748051575715,-0.4611343864908842,23.679196428669496,24.00073504563028,23.490182252089518,22.893039278354486,25.585401122731955,-22.77804320325966,
SCHW,294000000000.0,10721000000.0,3704000000.0,13632000000.0,20670000000.0,,29345000000.0,122900000000.0,,0.04636734693877551,0.34549015950004663,0.1791969037252056,26.406845604288495,23.09547027191379,23.335685807106728,24.102388010990786,25.534636853526536,23.75194921068847,
SIVB,115511000000.0,880000000.0,,844000000.0,8220000000.0,,17675000000.0,30340662815.0,,0.007306663434651245,,,25.472631600477296,20.59543246657289,20.553663053745066,23.595417048785624,24.135754656903714,22.829836046136155,
SNPS,8030062000.0,3360694000.0,532367000.0,,4907404000.0,520231000.0,1235653000.0,27500000000.0,,,0.15840984034845185,0.10848240739910552,22.806458086045883,21.935413337510106,,20.934865413038562,24.0374518416553,22.31401092223227,
STX,8930000000.0,10390000000.0,2012000000.0,,1665000000.0,1487000000.0,1853000000.0,14800000000.0,,,0.19364773820981712,1.2084084084084084,22.9126822319468,23.064109642153795,,21.3400717847893,23.41789301778405,21.233090960979418,
SWKS,5106700000.0,3376800000.0,853600000.0,0.0,4097000000.0,952000000.0,733300000.0,30900000000.0,,0.0,0.2527837005448946,0.20834757139370272,22.353819240180407,21.940194352728703,0.0,20.413065454427727,24.154022020882472,22.133520835755228,
TECH,2027589000.0,714006000.0,96072000.0,,1381192000.0,146719000.0,146625000.0,12400000000.0,,,0.13455349114713322,0.06955730991781012,21.430113239907786,20.386401925030444,,18.803388871758035,23.240962309638046,21.046212732122477,
TER,2787014000.0,2294965000.0,467468000.0,,1522354000.0,553654000.0,914121000.0,16900000000.0,,,0.20369286677574602,0.3070691836458537,21.748236609114983,21.553983430233703,,20.633473506870583,23.55057945893461,21.143523658697305,
TMUS,200162000000.0,44998000000.0,3468000000.0,71125000000.0,24718000000.0,5722000000.0,10385000000.0,86100000000.0,,0.35533717688672173,0.07707009200408907,0.14030261348005502,26.022392875626483,24.529883881306827,24.987704729406968,23.06362829437078,25.178775248391712,23.93079756015441,
TRMB,6876900000.0,3271300000.0,514300000.0,1291400000.0,3596900000.0,375900000.0,237700000.0,20700000000.0,,0.18778810219721095,0.15721578577324,0.14298423642581112,22.65143380609943,21.90845329667462,20.978992738930994,19.286519936537406,23.753399537266045,22.00333820060623,
TROW,10659000000.0,5617900000.0,2131300000.0,,7707000000.0,2387000000.0,2151700000.0,44600000000.0,,,0.3793766353975685,0.27654080705851825,23.089670442747227,22.449223765719246,,21.48952406478843,24.520999695994853,22.76539484387202,
TSCO,7049116000.0,8351931000.0,562354000.0,150000000.0,1561820000.0,743220000.0,86299000.0,17200000000.0,,0.021279263953097097,0.06733221335281625,0.3600632595305477,22.676168055979534,22.845758606678046,18.826145858727198,18.273328580088624,23.568175220823957,21.169117645488104,
TSLA,52148000000.0,24578000000.0,-862000000.0,8462000000.0,22225000000.0,-69000000.0,6268000000.0,541280000000.0,,0.16226892690036052,-0.03507201562372854,-0.038785151856017996,24.67735166676612,23.925117570849505,22.858851389362464,22.558723161599726,27.01720254198066,23.824483618391373,
TTWO,4948832000.0,2668394000.0,333837000.0,,1488970000.0,206672000.0,1357664000.0,13938279654.0,,,0.12510783639897258,0.2242066663532509,22.322417426290272,21.704742630633415,,21.029031413525022,23.357904823974398,21.12135044336675,
TXN,19351000000.0,14383000000.0,5017000000.0,6798000000.0,9187000000.0,5723000000.0,3107000000.0,177340424753.0,,0.3512996744354297,0.3488145727595078,0.5460977468161533,23.6860099347251,23.38931279063769,22.639894288367437,21.856923467679174,25.901337026034685,22.94105527834459,
UAL,59548000000.0,43259000000.0,3009000000.0,,10042000000.0,4301000000.0,2762000000.0,16900000000.0,,,0.06955777988395478,0.2996415056761601,24.810048546978017,24.490471141184727,,21.739220892295567,23.55057945893461,23.03004213465851,
ULTA,5089969000.0,7398068000.0,705945000.0,,1820218000.0,901094000.0,1046051000.0,13829733000.0,,,0.09542288608323146,0.38783541312084596,22.35053757731348,22.724484722123027,,20.7682879595267,23.350086676652193,21.322222111631202,
VRSK,7561800000.0,2607100000.0,449900000.0,3323500000.0,2698200000.0,696900000.0,218800000.0,27228949452.0,,0.4395117564601021,0.17256722028307314,0.16674079015640056,22.74637509416802,21.68150432981189,21.924284281746797,19.203668633082483,24.027546562388384,21.71585072133961,
VRSN,1766910000.0,1231661000.0,,,-1390198000.0,806127000.0,401194000.0,16500000000.0,,,,,21.292498095766682,20.931629502667885,,19.80995566129819,23.526626217913552,-21.052712020707023,
VRTX,11751800000.0,4162800000.0,1176800000.0,,4435200000.0,1197500000.0,2650100000.0,51600000000.0,,,0.2826943403478428,0.2653318903318903,23.187272257378417,22.1494537619682,,21.697863212458962,24.666787509453307,22.21283854774527,
VTRS,61553000000.0,11500500000.0,,,,715500000.0,475600000.0,17237737213.0,,,,,24.843164429266412,23.165656349718287,,19.980087724883507,23.570366841479483,,
WBA,87174000000.0,120074000000.0,3982000000.0,9018000000.0,20637000000.0,4766000000.0,469000000.0,34300000000.0,,0.10344827586206896,0.033162882888885185,0.19295440228715413,25.191171958275138,25.511374056342696,22.922488417056194,19.96611332854275,24.25841119114746,23.750351418206854,
WDC,25662000000.0,16569000000.0,-754000000.0,9575000000.0,11531000000.0,87000000.0,3048000000.0,13500000000.0,,0.373119788013405,-0.04550666908081357,-0.06538895152198422,23.968277135458205,23.530799316593924,22.98242137211756,21.837751475098894,23.32595552246487,23.168304897822114,
WYNN,13871281000.0,6611099000.0,122985000.0,13065770000.0,-351997000.0,878305000.0,3482032000.0,12900000000.0,,0.9419295881901607,0.018602807188335856,-0.3493921823197357,23.353086424686886,22.612015740378585,23.293261670347647,21.970881868657987,23.280493148391557,-19.679133213639712,
XRAY,9342000000.0,4029000000.0,263000000.0,2284000000.0,4967000000.0,361000000.0,438000000.0,13791201522.0,,0.2444872618283023,0.06527674360883594,0.05294946647875982,22.95778619913337,22.116784043403822,21.549194129178,19.897729470623826,23.347296654977775,22.326081873272955,
ZBRA,5375000000.0,4485000000.0,544000000.0,,1335000000.0,692000000.0,30000000.0,28600000000.0,,,0.12129319955406911,0.40749063670411984,22.405024411146183,22.224004332680135,,17.216707972959764,24.076672554807182,21.012197129547687,
ZION,81479000000.0,525000000.0,816000000.0,1336000000.0,7578000000.0,,,8437915233.0,,0.016396862995373043,1.5542857142857143,0.10768012668250197,25.12361115529156,20.078908822460658,21.012945912809368,,22.856001104852663,22.74851514967478,
